evaluation_id,feasible,objective,penalty,weight_lbf,min_factor_of_safety,max_deflection_in,excess_factor_of_safety,underutilization_score,symmetry_score,smoothness_score,durability_score,governing_load_case,governing_x_in,left_width_in,mid_width_in,right_width_in,left_height_in,mid_height_in,right_height_in,wall_thickness_in,left_web_opening_ratio,mid_web_opening_ratio,right_web_opening_ratio,violations,load_case_1_max_von_mises_psi,load_case_1_max_von_mises_x_in,load_case_1_min_factor_of_safety,load_case_1_min_factor_of_safety_x_in,load_case_1_max_deflection_in,load_case_1_max_deflection_x_in,load_case_1_max_slope_rad,load_case_2_max_von_mises_psi,load_case_2_max_von_mises_x_in,load_case_2_min_factor_of_safety,load_case_2_min_factor_of_safety_x_in,load_case_2_max_deflection_in,load_case_2_max_deflection_x_in,load_case_2_max_slope_rad
1,True,156.42225183813528,0.0,0.05899207665305612,5.917795995717881,0.03039367331924671,4.417795995717881,0.6327001273244218,6.883564267627062e-33,0.0214767955703647,0.0,Load Case 2,5.0,0.5339755160370536,0.9596812669034138,0.5339755160370536,0.4278490683000262,0.4904858346532496,0.4278490683000262,0.08563548381772432,0.25299707033709684,0.28730848167843565,0.25299707033709684,,354.3463828661047,4.0,6.716591773138884,4.0,0.03039367331924671,4.0,0.012331670609919132,402.1767566374658,5.0,5.917795995717881,5.0,0.017496453053964123,4.43,0.008606716084311877
2,False,inf,inf,inf,0.0,inf,inf,inf,inf,inf,inf,invalid,nan,0.9720401056458886,0.895595245024132,0.9720401056458886,0.4363355150774293,0.3600410535392808,0.4363355150774293,0.09127094325530355,0.6528948094091518,0.6961279961249999,0.6528948094091518,Web openings are too large; keep a remaining ligament larger than 0.091 in.,,,,,,,,,,,,,,
3,True,163.0263808529487,0.0,0.0795098330620961,6.0099506782145955,0.02020492642057637,4.5099506782145955,0.6441992682857015,6.62854586759052e-33,0.013867721867670147,0.0,Load Case 2,5.0,0.6294347732931309,0.5833285235042538,0.6294347732931309,1.3300689947310214,0.8288177411488427,1.3300689947310214,0.10444981871567449,0.508803357249542,0.44967406193325776,0.508803357249542,,217.27236512500593,4.0,10.95399315338923,4.0,0.006469627390286161,4.0,0.0022028254554368647,396.00990547680135,5.0,6.0099506782145955,5.0,0.02020492642057637,4.23,0.007891595467339474
4,False,164.9463669666427,0.0,0.06717409612044441,6.029877718760679,0.006509082150567013,4.529877718760679,0.6671950135647468,1.0431046107804854e-32,0.014489270773919882,0.009659813182935089,Load Case 2,8.0,0.8562039222387727,1.0874303745786738,0.8562039222387727,1.39007183726914,0.9216072501982284,1.39007183726914,0.07255470045492589,0.7873627739819968,0.5747348806503999,0.7873627739819968,Durability check failed: minimum shell area ratio 0.137 is below 0.180.,165.99260576386757,4.0,14.33798806306869,4.0,0.004423078875746029,4.0,0.0015656804401898566,394.7012047350707,8.0,6.029877718760679,8.0,0.006509082150567013,4.3,0.0027563887826029254
5,False,35.38467475226209,0.0,0.05692612334579375,3.558998147665334,0.03014197612040246,2.058998147665334,0.5524574321739759,1.2597332395169376e-32,0.05137179073403085,0.02406380027441957,Load Case 1,4.0,0.8938326579758533,0.8094998443258191,0.8938326579758533,1.0412709707883683,0.3971507260290878,1.0412709707883683,0.061524080075191195,0.36272326124584736,0.14380523736722514,0.36272326124584736,Durability check failed: height ratio 2.622 exceeds 1.900. | Durability check failed: max profile slope 0.161 in/in exceeds 0.160 in/in.,668.7275186027437,4.0,3.558998147665334,4.0,0.03014197612040246,4.0,0.009549097607756336,483.53685544082265,4.0,4.9220653466636834,4.0,0.019429098766310764,4.2,0.007364436279484743
6,True,79.025492124184,0.0,0.08335290518995173,4.636923476771273,0.026118138377972437,3.1369234767712726,0.6211308349308586,6.920471794363835e-33,0.008107446060316006,0.0,Load Case 2,8.0,0.4059610549875732,0.531384053406242,0.4059610549875732,1.0458263808386592,1.1915528387912673,1.0458263808386592,0.11290823556401305,0.5852305338021085,0.1789366833032539,0.5852305338021085,,117.3507355386551,4.0,20.281082935488143,4.0,0.0039746728630082485,4.0,0.001569211353686353,513.2713558726256,8.0,4.636923476771273,8.0,0.026118138377972437,4.36,0.011766432486162715
7,True,286.21466100816303,0.0,0.10476984602877087,7.477757393309153,0.01658719338812717,5.977757393309153,0.6855312188938341,7.645453991016542e-33,0.004292031411885113,0.0,Load Case 2,5.0,0.5166061289717242,0.6176320865421344,0.5166061289717242,0.984494863815509,1.1106028669859942,0.984494863815509,0.13135530177873866,0.15701233853001786,0.45716809130564273,0.15701233853001786,,114.213213371763,4.0,20.838219412084317,4.0,0.0038841200795593747,4.0,0.0015118009751572542,318.27724206853037,5.0,7.477757393309153,5.0,0.01658719338812717,4.33,0.007274852681884991
8,True,340.6809547825251,0.0,0.06456549904613433,8.022759067003834,0.010677326520979654,6.522759067003834,0.6946303778463754,4.87591246959793e-33,0.007272939289426989,0.0,Load Case 2,5.0,0.7104873453108028,0.9804166629201471,0.7104873453108028,0.8072168752254296,0.7531730077908276,0.8072168752254296,0.07468947844730586,0.5342357025083959,0.3368605876803722,0.5342357025083959,,205.70808571436336,4.0,11.569793145150147,4.0,0.009380737501626884,4.0,0.0035510356029694323,296.65604814040995,5.0,8.022759067003834,5.0,0.010677326520979654,4.3500000000000005,0.004762569644762432
9,False,inf,inf,inf,0.0,inf,inf,inf,inf,inf,inf,invalid,nan,1.005160877590499,0.9260093738552768,1.005160877590499,0.3943527831052679,1.0206336102445452,0.3943527831052679,0.12909888205760206,0.05393040143890125,0.46587656130816346,0.05393040143890125,Web openings are too large; keep a remaining ligament larger than 0.129 in.,,,,,,,,,,,,,,
10,False,inf,inf,inf,0.0,inf,inf,inf,inf,inf,inf,invalid,nan,0.6988148362079828,0.41987657544129986,0.6988148362079828,0.5106558697123176,1.2816147451575215,0.5106558697123176,0.12267229267704827,0.1091952331518979,0.7907234579011875,0.1091952331518979,Web openings are too large; keep a remaining ligament larger than 0.123 in.,,,,,,,,,,,,,,
11,True,177.18424183225076,0.0,0.06356108951163122,6.202147307490509,0.017555860555636085,4.702147307490509,0.6625328321791778,9.521852950278021e-33,0.02426613584823738,0.0,Load Case 2,5.0,0.645892669245275,0.7445009107989744,0.645892669245275,1.2402852023585553,0.6911921290305005,1.2402852023585553,0.07377176977745015,0.5767215083848327,0.14975712033747834,0.5767215083848327,,283.94701311036636,4.0,8.381845520857535,4.0,0.010001266680441784,4.0,0.003390904950605761,383.7380639324072,5.0,6.202147307490509,5.0,0.017555860555636085,4.26,0.007156042696990217
12,True,84.22466897267093,0.0,0.06155168041185619,4.739384575534768,0.02910460268960375,3.2393845755347677,0.6046753723193637,8.61632825240988e-33,0.008604954155917114,0.0,Load Case 2,5.0,0.4947748238941454,0.6258777939230952,0.4947748238941454,0.5911890122019013,0.7656040819000085,0.5911890122019013,0.09012153648924054,0.08272451242312269,0.34325809433091137,0.08272451242312269,,249.68619477819684,4.0,9.531964721214242,4.0,0.013950074671593682,4.0,0.005646002008649163,502.1749052157163,5.0,4.739384575534768,5.0,0.02910460268960375,4.3500000000000005,0.013095025191361964
13,True,413.09344092138616,0.0,0.07691447182361909,8.683028611838164,0.009664106394352964,7.183028611838164,0.7069873688382132,4.400218637361452e-33,0.00626854194489207,0.0,Load Case 2,5.0,0.8459934033616452,0.9500339933555219,0.8459934033616452,0.9340912619592874,0.6944950236352903,0.9340912619592874,0.08022555733511866,0.3568995106543196,0.31433111210702996,0.3568995106543196,,223.77749973690615,4.0,10.635564356551269,4.0,0.009246601394309632,4.0,0.00329716990984108,274.0979105787103,5.0,8.683028611838164,5.0,0.009664106394352964,4.28,0.004018014483966187
14,False,232.23965536742912,0.0,0.08762917373086086,6.8840143600093535,0.005647697168947186,5.3840143600093535,0.6763154845683276,1.366791675188059e-32,0.03402936530520487,8.443868424631643e-05,Load Case 2,8.0,0.5624253079850507,1.0926608391764991,0.5624253079850507,0.9573775111967923,1.374200523737548,0.9573775111967923,0.09732667602249592,0.6500911347900683,0.4902810098733081,0.6500911347900683,Durability check failed: width ratio 1.943 exceeds 1.900.,83.35205286989424,0.0,28.55358588126181,0.0,0.00230524838269712,4.0,0.0009896634798111092,345.7285060045642,8.0,6.8840143600093535,8.0,0.005647697168947186,4.46,0.0028815571017158648
15,False,136.7815188504649,0.0,0.05222085850144407,5.629682177275493,0.019381072174858686,4.129682177275493,0.636708593872615,1.412018135316372e-32,0.0356787567779333,0.0012309454923959621,Load Case 2,5.0,0.45229446479059643,0.9332127838542997,0.45229446479059643,0.48317227547675345,0.6291150229165732,0.48317227547675345,0.08137123375482264,0.3437913148130582,0.6290152104890939,0.3437913148130582,Durability check failed: width ratio 2.063 exceeds 1.900.,294.76976666807013,4.0,8.074098055924555,4.0,0.019381072174858686,4.0,0.008168148624413547,422.75921180897114,5.0,5.629682177275493,5.0,0.018560520315618324,4.46,0.009533231560155536
16,True,12.640715636540907,0.0,0.06621201089343828,2.7434784610298157,0.0302078239934497,1.2434784610298157,0.5730779740633807,8.457257592441312e-33,0.013389567882183073,0.0,Load Case 2,8.0,0.4714696808286518,0.5003819284058981,0.4714696808286518,1.3766049723003522,1.081274261348983,1.3766049723003522,0.08447507550369512,0.8046815682778531,0.02179659994570326,0.8046815682778531,,172.7310775094381,4.0,13.778643856777629,4.0,0.004883986412755357,4.0,0.0017620969605039972,867.5118226029822,8.0,2.7434784610298157,8.0,0.0302078239934497,4.2700000000000005,0.012424006481900896
17,True,1.3586168741050277,0.0,0.035996263092726966,1.8871183291745217,0.10255717225385849,0.3871183291745217,0.340547663152573,1.391342496000887e-32,0.015147075486378392,0.0,Load Case 2,5.0,0.3513083198776112,0.4337166983441753,0.3513083198776112,0.7678436460565385,0.49947929148278797,0.7678436460565385,0.070314536073463,0.22768095644669586,0.5055015865638303,0.22768095644669586,,775.2666538110896,4.0,3.0699114792314264,4.0,0.04169225892170989,4.0,0.014470169424750379,1261.1821755984313,5.0,1.8871183291745217,5.0,0.10255717225385849,4.29,0.04290824020983797
18,True,140.18323450161074,0.0,0.09378480788540998,5.681274487269845,0.024965779336425867,4.181274487269845,0.6362955827483434,6.612797089995161e-33,0.007651788712556307,0.0,Load Case 2,5.0,0.48637231532785524,0.5579325507331154,0.48637231532785524,1.1735948618260905,0.8661976935058774,1.1735948618260905,0.11532840972626743,0.12397179688946652,0.35190243089483536,0.12397179688946652,,193.73367901203886,4.0,12.284905815741535,4.0,0.006446855654220216,4.0,0.0022816903966462604,418.9200865638366,5.0,5.681274487269845,5.0,0.024965779336425867,4.28,0.010394004676782254
19,False,inf,inf,inf,0.0,inf,inf,inf,inf,inf,inf,invalid,nan,0.8330408707746596,0.9758136255873018,0.8330408707746596,0.37627811818496276,1.0051091950996391,0.37627811818496276,0.1199707334997879,0.024863942117336203,0.2335262489747805,0.024863942117336203,Web openings are too large; keep a remaining ligament larger than 0.120 in.,,,,,,,,,,,,,,
20,False,inf,inf,inf,0.0,inf,inf,inf,inf,inf,inf,invalid,nan,0.6699539368937606,0.9489538450536491,0.6699539368937606,0.6488985080901704,0.9670969125114666,0.6488985080901704,0.07755299841901801,0.8812233847506609,0.09475912740949653,0.8812233847506609,Web openings are too large; keep a remaining ligament larger than 0.078 in.,,,,,,,,,,,,,,
21,False,inf,inf,inf,0.0,inf,inf,inf,inf,inf,inf,invalid,nan,0.9337058300387043,0.8929045715912625,0.9337058300387043,0.8257226488825956,0.4753745436595267,0.8257226488825956,0.08896679103941094,0.5549386762941217,0.6737192951719547,0.5549386762941217,Web openings are too large; keep a remaining ligament larger than 0.089 in.,,,,,,,,,,,,,,
22,True,1737.8234417612105,0.0,0.1384548135493236,16.236732937789114,0.004940490945199818,14.736732937789114,0.8881370048523091,7.139128574059142e-33,0.012525194047389764,0.0,Load Case 2,5.0,0.7202992823215868,1.0388034640716408,0.7202992823215868,0.9212416575297747,1.1135910720610072,0.9212416575297747,0.13347365686957763,0.06079021897609549,0.4280049791755351,0.06079021897609549,,77.67384953784868,4.0,30.64094304789517,4.0,0.0027214837202268246,4.0,0.0010931302202425025,146.5812124347273,5.0,16.236732937789114,5.0,0.004940490945199818,4.38,0.0022860406964909236
23,False,inf,inf,inf,0.0,inf,inf,inf,inf,inf,inf,invalid,nan,0.7837257281897887,0.4470214274162999,0.7837257281897887,0.8507352490222019,0.601179198883022,0.8507352490222019,0.08620267638743742,0.8653748631566869,0.7527679070978487,0.8653748631566869,Web openings are too large; keep a remaining ligament larger than 0.086 in.,,,,,,,,,,,,,,
24,False,inf,inf,inf,0.0,inf,inf,inf,inf,inf,inf,invalid,nan,0.5467097367417976,0.7005681282694917,0.5467097367417976,1.0969180032729753,0.5507803484799714,1.0969180032729753,0.13635707347794263,0.46221166322691765,0.27533196227907125,0.46221166322691765,Web openings are too large; keep a remaining ligament larger than 0.136 in.,,,,,,,,,,,,,,
25,False,inf,inf,inf,0.0,inf,inf,inf,inf,inf,inf,invalid,nan,0.40784946915209774,1.0602468916401713,0.40784946915209774,0.7457693914711587,0.6160127853505006,0.7457693914711587,0.09990724724642328,0.42629673196207624,0.6599789036609102,0.42629673196207624,Web openings are too large; keep a remaining ligament larger than 0.100 in.,,,,,,,,,,,,,,
26,False,inf,inf,inf,0.0,inf,inf,inf,inf,inf,inf,invalid,nan,0.8054082586729973,1.012839802157778,0.8054082586729973,0.6007851703748601,0.42197039532507813,0.6007851703748601,0.11431283198379466,0.1173149540941511,0.12143309492566505,0.1173149540941511,Web openings are too large; keep a remaining ligament larger than 0.114 in.,,,,,,,,,,,,,,
27,True,21.633550199719345,0.0,0.05195556915843734,3.135511514032966,0.053126165082253235,1.6355115140329661,0.5060322741196417,9.062876691185375e-33,0.017666781145975707,0.0,Load Case 2,5.0,0.5857096459808905,0.358685980754858,0.5857096459808905,0.8690265759921219,1.0917892967087628,0.8690265759921219,0.08369404290879673,0.5002167977327557,0.5386509436696252,0.5002167977327557,,230.17563537646728,4.0,10.33993018464945,4.0,0.007630021755569838,4.0,0.0029151395269939873,759.0468060309528,5.0,3.135511514032966,5.0,0.053126165082253235,4.2,0.020025524276220952
28,False,inf,inf,inf,0.0,inf,inf,inf,inf,inf,inf,invalid,nan,0.8760200144973957,0.6575279199543904,0.8760200144973957,1.2080665421255776,0.7326975160118852,1.2080665421255776,0.10797355387189,0.14284720667853562,0.7338947763152477,0.14284720667853562,Web openings are too large; keep a remaining ligament larger than 0.108 in.,,,,,,,,,,,,,,
29,False,inf,inf,inf,0.0,inf,inf,inf,inf,inf,inf,invalid,nan,0.8187039899455052,1.0745566487659182,0.8187039899455052,0.8898697454917093,1.3351774201896678,0.8898697454917093,0.09862357655337504,0.8140864049028682,0.5522754608444298,0.8140864049028682,Web openings are too large; keep a remaining ligament larger than 0.099 in.,,,,,,,,,,,,,,
30,True,1101.9283313704905,0.0,0.1034389292205362,13.234154348466642,0.005878374335621239,11.734154348466642,0.8450296753528228,1.063483476539545e-32,0.02035288595843299,0.0,Load Case 2,8.0,0.6673005336199729,1.0652035655827237,0.6673005336199729,1.2978708489390196,0.9315083434256868,1.2978708489390196,0.10273232228359465,0.4925128030635664,0.3256351621524373,0.4925128030635664,,114.04406046400585,4.0,20.86912716292811,4.0,0.003551846418066866,4.0,0.001281843825505849,179.83770910725062,8.0,13.234154348466642,8.0,0.005878374335621239,4.3500000000000005,0.0026481962425609767
31,False,inf,inf,inf,0.0,inf,inf,inf,inf,inf,inf,invalid,nan,0.4541489522709069,0.7933733897022925,0.4541489522709069,0.774693457831285,0.37663838431017926,0.774693457831285,0.11148618697092531,0.09566173502219594,0.20778054601319604,0.09566173502219594,Web openings are too large; keep a remaining ligament larger than 0.111 in.,,,,,,,,,,,,,,
32,False,inf,inf,inf,0.0,inf,inf,inf,inf,inf,inf,invalid,nan,0.7302537866131557,0.9129091756987948,0.7302537866131557,0.470772445504206,0.5883213920473133,0.470772445504206,0.07554398685473306,0.7970929980761357,0.8464591436830139,0.7970929980761357,Web openings are too large; keep a remaining ligament larger than 0.076 in.,,,,,,,,,,,,,,
33,True,383.8339138549803,0.0,0.09267337703968911,8.423627447508252,0.00814054906151743,6.923627447508252,0.7019116259641313,6.70902328994072e-33,0.008783845786756487,0.0,Load Case 2,5.0,1.0807387950485394,0.7434836479507645,1.0807387950485394,1.1037618679400514,1.0565363547500746,1.1037618679400514,0.10667664082053896,0.6143184605528706,0.7071009667280371,0.6143184605528706,,148.2353712582737,4.0,16.055547200359317,4.0,0.0037174808908882577,4.0,0.0013437742716917306,282.5386111661449,5.0,8.423627447508252,5.0,0.00814054906151743,4.21,0.003090921630005683
34,True,54.50212606065942,0.0,0.048191045006267814,4.104022266155472,0.030204443053987128,2.6040222661554724,0.5746177432939409,1.1753308536369678e-32,0.017877014774710317,0.0,Load Case 2,5.0,0.39553257822917465,0.5997232307690594,0.39553257822917465,1.3460067657541106,0.962203711522774,1.3460067657541106,0.06739235682017215,0.4332933624131696,0.6051974479071229,0.4332933624131696,,247.68783981052314,4.0,9.608868977260483,4.0,0.007140939839875604,4.0,0.002543017368867098,579.9188809541996,5.0,4.104022266155472,5.0,0.030204443053987128,4.33,0.01332800940686274
35,False,120.9949525778509,0.0,0.10614747430424507,5.381443400528079,0.014867790567830236,3.881443400528079,0.6338125251369373,1.352358038039052e-32,0.03692331099471887,0.002621415088529484,Load Case 2,4.0,0.9951186690443322,0.46538163155272777,0.9951186690443322,1.2225926197996768,1.3703957792458654,1.2225926197996768,0.11685561072851172,0.2650096642987011,0.7243884328406845,0.2650096642987011,Durability check failed: width ratio 2.138 exceeds 1.900.,127.63151653429911,4.0,18.64743179918582,4.0,0.0025478701339591014,4.0,0.0009220837542203882,442.26052805209315,4.0,5.381443400528079,4.0,0.014867790567830236,4.15,0.005256941605905063
36,False,inf,inf,inf,0.0,inf,inf,inf,inf,inf,inf,invalid,nan,0.5487138551182529,0.7318505917247949,0.5487138551182529,0.531237185573082,0.9430687684309406,0.531237185573082,0.1273142275769596,0.8727403615591068,0.05858768049365037,0.8727403615591068,Web openings are too large; keep a remaining ligament larger than 0.127 in.,,,,,,,,,,,,,,
37,False,inf,inf,inf,0.0,inf,inf,inf,inf,inf,inf,invalid,nan,0.5224055458405691,0.49955206243590256,0.5224055458405691,0.6945909979015354,0.7849424412568302,0.6945909979015354,0.13872348406849638,0.678780477952245,0.47312725073620404,0.678780477952245,Web openings are too large; keep a remaining ligament larger than 0.139 in.,,,,,,,,,,,,,,
38,True,157.78380181737882,0.0,0.06231681361357552,5.937001481512468,0.019046815591338806,4.437001481512468,0.638904421344089,7.223378145810019e-33,0.006704269147159938,0.0,Load Case 2,5.0,0.7569175879374785,0.6635659786047707,0.7569175879374785,1.1417796393403505,0.9010798904583459,1.1417796393403505,0.06395029774782679,0.4578889800802011,0.08578579219857414,0.4578889800802011,,232.29290118577075,4.0,10.245685459396158,4.0,0.007614717824084833,4.0,0.0027086157015222823,400.87576319648963,5.0,5.937001481512468,5.0,0.019046815591338806,4.24,0.00752319323884601
39,False,inf,inf,inf,0.0,inf,inf,inf,inf,inf,inf,invalid,nan,0.9467843161859015,0.8685414513584816,0.9467843161859015,0.708834383328693,1.203229177564402,0.708834383328693,0.11808139169346771,0.6638690525562806,0.3887553006649283,0.6638690525562806,Web openings are too large; keep a remaining ligament larger than 0.118 in.,,,,,,,,,,,,,,
40,True,65.81812985289167,0.0,0.04681373555559278,4.36267051897828,0.02292737437298841,2.8626705189782804,0.5899373312129804,8.809677134725678e-33,0.019260165308384102,0.0,Load Case 2,5.0,0.7788883866112908,0.5402709651335902,0.7788883866112908,0.8105539216533543,1.2433768663496472,0.8105539216533543,0.06582288768206293,0.6363810465781102,0.6308956929601484,0.6363810465781102,,190.51781031914726,4.0,12.49227038675873,4.0,0.005897680978690743,4.0,0.002359694773229268,545.5374155913535,5.0,4.36267051897828,5.0,0.02292737437298841,4.24,0.00905801756370811
41,True,951.5521063685486,0.0,0.12350020280986217,12.403676839469822,0.007416688799521838,10.903676839469822,0.8508571509149413,1.1811774496383747e-32,0.03152402064531557,0.0,Load Case 2,5.0,0.594285275661349,0.9913175158302541,0.594285275661349,1.198345227670595,0.7217146052701422,1.198345227670595,0.1262820001206295,0.27870793122614546,0.10291004953474926,0.27870793122614546,,151.69563448446783,4.0,15.689311087219778,4.0,0.005570169003292337,4.0,0.0019407472481883102,191.878588164002,5.0,12.403676839469822,5.0,0.007416688799521838,4.34,0.003336221093168043
42,False,inf,inf,inf,0.0,inf,inf,inf,inf,inf,inf,invalid,nan,0.7397973625007156,0.8434354124158292,0.7397973625007156,1.2885914914093899,1.1788945633560841,1.2885914914093899,0.13240448344318628,0.07450529272452759,0.8273599046250446,0.07450529272452759,Web openings are too large; keep a remaining ligament larger than 0.132 in.,,,,,,,,,,,,,,
43,False,inf,inf,inf,0.0,inf,inf,inf,inf,inf,inf,invalid,nan,0.5672758768017512,0.4346160925203016,0.5672758768017512,0.9751369148949541,0.9017862996080562,0.9751369148949541,0.12563879686319582,0.606092235461157,0.8398973764686594,0.606092235461157,Web openings are too large; keep a remaining ligament larger than 0.126 in.,,,,,,,,,,,,,,
44,True,1020.4000649363201,0.0,0.12833813198217178,12.791374782278417,0.006893588523712772,11.291374782278417,0.8793845982631666,5.267513212615471e-33,0.009288013206091544,0.0,Load Case 2,5.0,1.0984374254223856,0.7601999011966167,1.0984374254223856,1.3135844865773578,1.235532026408006,1.3135844865773578,0.0966758149188933,0.04318199946072693,0.26799512955205884,0.04318199946072693,,98.55606951451905,4.0,24.148690301101993,4.0,0.0024368889023909848,4.0,0.0008820412943469601,186.06287756475783,5.0,12.791374782278417,5.0,0.006893588523712772,4.21,0.0026204423243123
45,False,inf,inf,inf,0.0,inf,inf,inf,inf,inf,inf,invalid,nan,0.474383288522948,0.5119221449102785,0.474383288522948,0.462847921722135,0.677369126271691,0.462847921722135,0.09462841078788749,0.8412890304273111,0.03308847421230162,0.8412890304273111,Web openings are too large; keep a remaining ligament larger than 0.095 in.,,,,,,,,,,,,,,
46,False,inf,inf,inf,0.0,inf,inf,inf,inf,inf,inf,invalid,nan,0.6213285248139178,0.4019736745374782,0.6213285248139178,0.7427348736386281,1.3499010380569485,0.7427348736386281,0.10155898013167873,0.8235429315695333,0.4194511502046925,0.8235429315695333,Web openings are too large; keep a remaining ligament larger than 0.102 in.,,,,,,,,,,,,,,
47,False,inf,inf,inf,0.0,inf,inf,inf,inf,inf,inf,invalid,nan,0.37125049322592046,0.905020920303652,0.37125049322592046,1.3655098068360254,0.446590931047793,1.3655098068360254,0.1284033319902977,0.4403439294384974,0.3801818732421535,0.4403439294384974,Web openings are too large; keep a remaining ligament larger than 0.128 in.,,,,,,,,,,,,,,
48,False,inf,inf,inf,0.0,inf,inf,inf,inf,inf,inf,invalid,nan,0.4280562756193279,0.3595284986044508,0.4280562756193279,1.2794730743652742,1.1653842720156464,1.2794730743652742,0.07835226648881985,0.38374092036778845,0.8757272985789799,0.38374092036778845,Web openings are too large; keep a remaining ligament larger than 0.078 in.,,,,,,,,,,,,,,
49,True,272.1584792262115,0.0,0.09949413802691433,7.328975422057393,0.01880991020896938,5.828975422057393,0.6725893617911762,1.3771906272251172e-32,0.026476813214483568,0.0,Load Case 2,5.0,0.7982715536816016,0.4795484661601501,0.7982715536816016,0.9939539690299648,1.2675658588868837,0.9939539690299648,0.11052479877964659,0.6869872552217688,0.0032044573547946693,0.6869872552217688,,113.3470268702865,4.0,20.997462974689707,4.0,0.003352697229513209,4.0,0.001290345239517954,324.7384338112414,5.0,7.328975422057393,5.0,0.01880991020896938,4.19,0.007068230430213457
50,False,inf,inf,inf,0.0,inf,inf,inf,inf,inf,inf,invalid,nan,0.43543541175024125,0.3856000719522656,0.43543541175024125,0.9441566235496895,0.984633842858364,0.9441566235496895,0.1357421438915216,0.8480916285014523,0.7656899351176429,0.8480916285014523,Web openings are too large; keep a remaining ligament larger than 0.136 in.,,,,,,,,,,,,,,
51,False,inf,inf,inf,0.0,inf,inf,inf,inf,inf,inf,invalid,nan,0.821005034866944,0.7195869756542108,0.821005034866944,0.6287774424954934,1.0330899585765212,0.6287774424954934,0.10563640920459025,0.748901724706816,0.513832176998782,0.748901724706816,Web openings are too large; keep a remaining ligament larger than 0.106 in.,,,,,,,,,,,,,,
52,False,224.55898276523496,0.0,0.06225874169822273,6.791391929752361,0.01156928162178614,5.291391929752361,0.6720133740987535,4.8823413414463086e-33,0.0050117540472607875,0.005387747648012457,Load Case 2,5.0,0.9063210888229138,0.7686339275008313,0.9063210888229138,1.133543089798517,1.2283890428025683,1.133543089798517,0.06027564932802676,0.21732278043529993,0.6500513068256553,0.21732278043529993,Durability check failed: minimum shell area ratio 0.148 is below 0.180.,174.47638885860303,4.0,13.640814184484125,4.0,0.004239244479590979,4.0,0.001586773889021044,350.44362401961735,5.0,6.791391929752361,5.0,0.01156928162178614,4.25,0.004632522039629827
53,False,91.6725087879437,0.0,0.05433535460599037,4.880033755888114,0.023123286604326748,3.380033755888114,0.6177682507458888,1.648298709028071e-32,0.014407701902940974,1.2134149217530026e-05,Load Case 2,5.0,0.8853684235798819,0.696796301714693,0.8853684235798819,0.7256600476755676,0.5335149984852339,0.7256600476755676,0.07168582638202416,0.727566633936961,0.15870712935277081,0.727566633936961,Durability check failed: minimum residual web ligament 0.0793 in is below 0.0800 in.,448.5515513616113,4.0,5.305967603445657,4.0,0.023123286604326748,4.0,0.008065731863492187,487.7015445084489,5.0,4.880033755888114,5.0,0.022140666967129716,4.22,0.008536880999653745
54,False,inf,inf,inf,0.0,inf,inf,inf,inf,inf,inf,invalid,nan,0.9508280122631145,0.8280625814411188,0.9508280122631145,1.0244431390295816,0.46677348026853244,1.0244431390295816,0.09549698450069476,0.00917596860633405,0.712099659888658,0.00917596860633405,Web openings are too large; keep a remaining ligament larger than 0.095 in.,,,,,,,,,,,,,,
55,False,189.4964219708853,0.0,0.09009700138256362,6.360356940632512,0.01668188843672462,4.860356940632512,0.6494339458639852,1.3692009763073836e-32,0.037183298205930186,0.0036662275230309373,Load Case 2,4.0,1.0073589503510594,0.4617103154648667,1.0073589503510594,1.161057674095099,1.3895722232834045,1.161057674095099,0.0932693729802963,0.3278424333522858,0.5491918845812076,0.3278424333522858,Durability check failed: width ratio 2.182 exceeds 1.900.,125.62334674512172,4.0,18.94552295942889,4.0,0.0028520214851952734,4.0,0.001054360468791607,374.19283575039714,4.0,6.360356940632512,4.0,0.01668188843672462,4.15,0.005927275181453334
56,True,31.264762057288507,0.0,0.04845652359043488,3.4696664821434196,0.04039243541027408,1.9696664821434196,0.4962899456153249,7.270207714637233e-33,0.019718818996137925,0.0,Load Case 2,4.0,0.8665547814390444,0.4881799339082246,0.8665547814390444,0.6221408631038612,0.6549963460389254,0.6221408631038612,0.0664732087701543,0.37559065725599006,0.2998074607378047,0.37559065725599006,,464.9012512039195,4.0,5.119366733982098,4.0,0.02256292960091355,4.0,0.008214902018468185,685.9448918933938,4.0,3.4696664821434196,4.0,0.04039243541027408,4.18,0.014811219348995208
57,False,1016.0634754958762,0.0,0.11287255503202862,12.765560876042564,0.008175235832858403,11.265560876042564,0.8417411515325709,1.4998866419495268e-32,0.04694247790008729,0.0067803195974115785,Load Case 2,5.0,0.5754049262840897,0.8805641709737652,0.5754049262840897,0.5812564353352321,1.2913925236837849,0.5812564353352321,0.12353865335903316,0.23998981574022585,0.1975052237381616,0.23998981574022585,Durability check failed: height ratio 2.222 exceeds 1.900. | Durability check failed: max profile slope 0.178 in/in exceeds 0.160 in/in.,72.23429530060903,2.47,32.94833832178236,2.47,0.0032566802840688085,4.0,0.0015579993326238911,186.43912501068428,5.0,12.765560876042564,5.0,0.008175235832858403,4.45,0.0041060568839675765
58,False,inf,inf,inf,0.0,inf,inf,inf,inf,inf,inf,invalid,nan,0.7698302026570845,1.0055371203131525,0.7698302026570845,0.5607942487357495,0.43506502584587603,0.5607942487357495,0.08225371697125393,0.7360260840762751,0.568044100852495,0.7360260840762751,Web openings are too large; keep a remaining ligament larger than 0.082 in.,,,,,,,,,,,,,,
59,False,inf,inf,inf,0.0,inf,inf,inf,inf,inf,inf,invalid,nan,0.6924413701203747,0.6325883098013191,0.6924413701203747,1.3511970654862195,0.645684771142139,1.3511970654862195,0.0870470514803697,0.7746164189854373,0.6830223990104881,0.7746164189854373,Web openings are too large; keep a remaining ligament larger than 0.087 in.,,,,,,,,,,,,,,
60,False,78.06957686052154,0.0,0.04282899894185875,4.603486059267689,0.01955575052085201,3.1034860592676887,0.6033226164330251,1.428560890901521e-32,0.046769431521387586,0.014970967116412173,Load Case 2,5.0,0.36535168319805206,0.8595123875996825,0.36535168319805206,0.8362734324646652,1.0103601308854007,0.8362734324646652,0.06285265325412819,0.3232709613252151,0.8211584758236994,0.3232709613252151,Durability check failed: minimum residual web ligament 0.0791 in is below 0.0800 in. | Durability check failed: minimum shell area ratio 0.147 is below 0.180. | Durability check failed: width ratio 2.353 exceeds 1.900.,284.7720101126475,4.0,8.357562946788702,4.0,0.007978854906020138,4.0,0.003249646855309307,516.9995019771179,5.0,4.603486059267689,5.0,0.01955575052085201,4.46,0.010162221582114828
61,False,inf,inf,inf,0.0,inf,inf,inf,inf,inf,inf,invalid,nan,0.9676629315465275,0.3715884808805672,0.9676629315465275,0.4480559277067395,0.37324410956306625,0.4480559277067395,0.13912873120136737,0.48187588588175156,0.18411302943096594,0.48187588588175156,Web openings are too large; keep a remaining ligament larger than 0.139 in.,,,,,,,,,,,,,,
62,False,inf,inf,inf,0.0,inf,inf,inf,inf,inf,inf,invalid,nan,0.9865703283057732,0.6717436908488865,0.9865703283057732,0.6649121146694164,1.1603470499411885,0.6649121146694164,0.11727919700901504,0.5412950473586018,0.3605172043671862,0.5412950473586018,Web openings are too large; keep a remaining ligament larger than 0.117 in.,,,,,,,,,,,,,,
63,False,182.11778918723132,0.0,0.13280335621966347,6.265146125636965,0.020923045433157598,4.765146125636965,0.6458654814928716,9.909490353931386e-33,0.033213250918503426,0.0019205629565955454,Load Case 2,4.0,0.8616703940831757,0.40954708416149205,0.8616703940831757,1.1231064874634697,1.3183987974049791,1.1231064874634697,0.1307827419857558,0.16048362774837902,0.2220213961012562,0.16048362774837902,Durability check failed: width ratio 2.104 exceeds 1.900.,105.95071154926664,4.0,22.463275283369,4.0,0.002706428210209437,4.0,0.0010049529697775204,379.8794078020056,4.0,6.265146125636965,4.0,0.020923045433157598,4.15,0.007403766307930576
64,False,inf,inf,inf,0.0,inf,inf,inf,inf,inf,inf,invalid,nan,0.7441256065893287,1.0439989492804127,0.7441256065893287,1.2526429395650382,1.1289520222401683,1.2526429395650382,0.1139846945023974,0.5735502564930439,0.8969876976954235,0.5735502564930439,Web openings are too large; keep a remaining ligament larger than 0.114 in.,,,,,,,,,,,,,,
65,False,inf,inf,inf,0.0,inf,inf,inf,inf,inf,inf,invalid,nan,1.0395762100331536,0.8046730839515587,1.0395762100331536,1.2654717021075328,0.5795773944239242,1.2654717021075328,0.07683939672029039,0.19541081088561074,0.8789542251759989,0.19541081088561074,Web openings are too large; keep a remaining ligament larger than 0.077 in.,,,,,,,,,,,,,,
66,False,inf,inf,inf,0.0,inf,inf,inf,inf,inf,inf,invalid,nan,1.0892592363651277,0.5220399178200508,1.0892592363651277,0.37378580840661024,0.5344788344203543,0.37378580840661024,0.10909256988517486,0.7135777313504925,0.8566881463595195,0.7135777313504925,Web openings are too large; keep a remaining ligament larger than 0.109 in.,,,,,,,,,,,,,,
67,False,inf,inf,inf,0.0,inf,inf,inf,inf,inf,inf,invalid,nan,1.0279702151428294,0.7140548787559435,1.0279702151428294,1.068541500682275,0.8493715944539428,1.068541500682275,0.12405225252235969,0.40808927804779493,0.7823652797934887,0.40808927804779493,Web openings are too large; keep a remaining ligament larger than 0.124 in.,,,,,,,,,,,,,,
68,False,inf,inf,inf,0.0,inf,inf,inf,inf,inf,inf,invalid,nan,0.6796970298826004,0.7823228372885598,0.6796970298826004,0.404027167121853,0.7123909579396557,0.404027167121853,0.06966165222139378,0.703502851782057,0.1298959051837876,0.703502851782057,Web openings are too large; keep a remaining ligament larger than 0.070 in.,,,,,,,,,,,,,,
69,True,164.786880255747,0.0,0.06237883915662966,6.034512509172718,0.016506071882582574,4.534512509172718,0.6437096135923477,7.748401418696402e-33,0.015911616940725515,0.0,Load Case 2,5.0,0.6579572561158085,0.8333229098976118,0.6579572561158085,0.8870412584625091,0.5630470904144771,0.8870412584625091,0.07980907084333919,0.39962925038704805,0.3978638782133261,0.39962925038704805,,343.9355033676663,4.0,6.919902065056033,4.0,0.01604510184231102,4.0,0.005588307864073244,394.39805558150687,5.0,6.034512509172718,5.0,0.016506071882582574,4.29,0.006961955186748914
70,False,inf,inf,inf,0.0,inf,inf,inf,inf,inf,inf,invalid,nan,1.0634369535216504,0.3926175259385093,1.0634369535216504,0.9080567361486704,0.8014008607264805,0.9080567361486704,0.13437992027166462,0.8934169487388666,0.590082097771456,0.8934169487388666,Web openings are too large; keep a remaining ligament larger than 0.134 in.,,,,,,,,,,,,,,
71,True,362.67037586938125,0.0,0.08565904477818423,8.229931592130871,0.008681197483314045,6.729931592130871,0.7032123482338589,7.76149973184592e-33,0.009195415439703966,0.0,Load Case 2,5.0,1.0562854995421596,0.7778255956400002,1.0562854995421596,1.0173019162891068,1.0599950168314578,1.0173019162891068,0.08984354559599626,0.2928838129588309,0.7552912851931194,0.2928838129588309,,176.57416362555466,4.0,13.478755618217495,4.0,0.0042600278838745165,4.0,0.001563399661482466,289.1883089618461,5.0,8.229931592130871,5.0,0.008681197483314045,4.22,0.003350763825324052
72,False,inf,inf,inf,0.0,inf,inf,inf,inf,inf,inf,invalid,nan,0.6058509988014912,0.6870660857955059,0.6058509988014912,1.1793404518218624,1.333445109271429,1.1793404518218624,0.12046982483101029,0.7637728314759061,0.23992233617626216,0.7637728314759061,Web openings are too large; keep a remaining ligament larger than 0.120 in.,,,,,,,,,,,,,,
73,False,inf,inf,inf,0.0,inf,inf,inf,inf,inf,inf,invalid,nan,0.5074425842813158,0.5867154233890879,0.5074425842813158,0.7881056068201449,0.4040150833985837,0.7881056068201449,0.10841774815259608,0.189004255243418,0.40560938453325956,0.189004255243418,Web openings are too large; keep a remaining ligament larger than 0.108 in.,,,,,,,,,,,,,,
74,True,171.69214358773203,0.0,0.06861327381635711,6.1286539301571406,0.016491058688574877,4.6286539301571406,0.6319719219344347,1.0543577874997388e-32,0.0228083332182413,0.0,Load Case 2,5.0,1.0218334234983182,0.5737902797828056,1.0218334234983182,1.0816919067890758,1.144217950395479,1.0816919067890758,0.0687323206441304,0.17726217224455967,0.611178084704774,0.17726217224455967,,196.77675055116902,4.0,12.094924798451302,4.0,0.005006257757243876,4.0,0.0018195858094881973,388.3397605938856,5.0,6.1286539301571406,5.0,0.016491058688574877,4.18,0.006060032913310365
75,False,inf,inf,inf,0.0,inf,inf,inf,inf,inf,inf,invalid,nan,0.634722605998806,1.0173962954078748,0.634722605998806,0.49742390829364924,0.8783677106522055,0.49742390829364924,0.12111409431384074,0.6212732846362492,0.06880200183232217,0.6212732846362492,Web openings are too large; keep a remaining ligament larger than 0.121 in.,,,,,,,,,,,,,,
76,False,337.62213995079276,0.0,0.07545545253392984,7.979099228883657,0.0128480286709617,6.479099228883657,0.6927675717834886,1.6358758993051722e-32,0.060854759034334405,0.029122897573160403,Load Case 2,8.0,0.3831014629823399,1.0319954276935372,0.3831014629823399,0.5446646328478146,0.7792026137668238,0.5446646328478146,0.09285607161082185,0.20796643200793016,0.03762922151375284,0.20796643200793016,Durability check failed: width ratio 2.694 exceeds 1.900. | Durability check failed: max profile slope 0.162 in/in exceeds 0.160 in/in.,155.8080359454776,3.71,15.275206991459934,3.71,0.010425226874327672,4.0,0.004615019233814204,298.279283378831,8.0,7.979099228883657,8.0,0.0128480286709617,4.55,0.0073359505602436925
77,True,106.54265415141674,0.0,0.08543332547333418,5.144205250531648,0.02252535650036063,3.6442052505316482,0.5957869143345315,9.77263957225269e-33,0.02280047302287706,0.0,Load Case 2,4.0,1.0475332345112456,0.6085159981585442,1.0475332345112456,0.6684143638480935,0.511502814637031,0.6684143638480935,0.10380251262833637,0.284671771360891,0.051240534603525484,0.284671771360891,,443.2301874627764,4.0,5.369670359377041,4.0,0.02252535650036063,4.0,0.007715451465655637,462.65650068181657,4.0,5.144205250531648,4.0,0.020883592209279853,4.16,0.00751105223669446
78,True,131.55091769782143,0.0,0.06222248406657741,5.550748028670856,0.01994735714220674,4.050748028670856,0.6200419681864882,6.122475848984782e-33,0.010679302143161434,0.0,Load Case 2,5.0,0.9163423594493683,0.649397731700535,0.9163423594493683,0.6864902107887401,0.841583630495396,0.6864902107887401,0.06494434127051767,0.014566985891075605,0.24820713239961514,0.014566985891075605,,261.1666802409105,4.0,9.112954216841878,4.0,0.011267883800661646,4.0,0.004297450982957557,428.7710390936081,5.0,5.550748028670856,5.0,0.01994735714220674,4.23,0.007754434934113125
79,False,inf,inf,inf,0.0,inf,inf,inf,inf,inf,inf,invalid,nan,0.9234002510075258,0.5508614346657312,0.9234002510075258,0.3582030120456053,0.8122515008744,0.3582030120456053,0.13782898198749427,0.3109136216991185,0.5224238053914272,0.3109136216991185,Web openings are too large; keep a remaining ligament larger than 0.138 in.,,,,,,,,,,,,,,
80,False,inf,inf,inf,0.0,inf,inf,inf,inf,inf,inf,invalid,nan,0.42390224877351457,0.8474597860918722,0.42390224877351457,0.554946283826829,1.2960106478514044,0.554946283826829,0.10083533111467063,0.5219277004093277,0.809600615994773,0.5219277004093277,Web openings are too large; keep a remaining ligament larger than 0.101 in.,,,,,,,,,,,,,,
81,False,inf,inf,inf,0.0,inf,inf,inf,inf,inf,inf,invalid,nan,0.46721830574710244,0.49866535250722466,0.46721830574710244,0.6169430719711447,0.5482151386359554,0.6169430719711447,0.09709855761390569,0.2188673578540933,0.470353889599964,0.2188673578540933,Web openings are too large; keep a remaining ligament larger than 0.097 in.,,,,,,,,,,,,,,
82,False,23.157261352714226,0.0,0.038371582607870006,3.180472150080095,0.054193319836533325,1.680472150080095,0.4731435292857261,1.571346808212975e-32,0.053889296662951384,0.0069045913659785746,Load Case 2,5.0,0.35,0.582947128786377,0.35,0.35,0.8001380405190802,0.35,0.06661435410400575,0.2703484226412432,0.22711577640228908,0.2703484226412432,Durability check failed: minimum residual web ligament 0.0791 in is below 0.0800 in. | Durability check failed: height ratio 2.286 exceeds 1.900.,309.54797733264326,2.64,7.688630436251984,2.64,0.023711643415374004,4.0,0.01147960327675529,748.3165667525382,5.0,3.180472150080095,5.0,0.054193319836533325,4.47,0.027892861898964894
83,False,inf,inf,inf,0.0,inf,inf,inf,inf,inf,inf,invalid,nan,0.35,0.44386025825103836,0.35,0.7987176439729161,0.3900565361196364,0.7987176439729161,0.09777564791227324,0.08466832653524614,0.4103487693001648,0.08466832653524614,Web openings are too large; keep a remaining ligament larger than 0.098 in.,,,,,,,,,,,,,,
84,False,inf,inf,inf,0.0,inf,inf,inf,inf,inf,inf,invalid,nan,0.37809014653769163,0.45912674923147806,0.37809014653769163,1.0724689404795638,0.45796120101372434,1.0724689404795638,0.06,0.2118157849656971,0.6459154994635956,0.2118157849656971,Web openings are too large; keep a remaining ligament larger than 0.060 in.,,,,,,,,,,,,,,
85,True,11.602735177620763,0.0,0.052366724174492243,2.6933863861159266,0.07181029371268999,1.1933863861159266,0.44514435090987386,3.921729974095665e-33,0.0039979936438769405,0.0,Load Case 2,5.0,0.47185431383629745,0.38874887145247905,0.47185431383629745,0.6946937475562287,0.8065172973922987,0.6946937475562287,0.08065289152604747,0.13027811025762634,0.2653037454984198,0.13027811025762634,,345.352541165922,4.0,6.891508578350223,4.0,0.016041180873843833,4.0,0.006140117427801128,883.6459604416973,5.0,2.6933863861159266,5.0,0.07181029371268999,4.25,0.02873461792939902
86,False,inf,inf,inf,0.0,inf,inf,inf,inf,inf,inf,invalid,nan,0.35,0.5140183757468524,0.35,0.8741836252078095,0.35,0.8741836252078095,0.06522095558603075,0.4315054151271487,0.546823830399662,0.4315054151271487,Web openings are too large; keep a remaining ligament larger than 0.065 in.,,,,,,,,,,,,,,
87,True,0.12546024549227677,0.0,0.030149323879168785,1.5033021188051587,0.13155965230229427,0.003302118805158738,0.2688588001555107,5.3396214216311875e-33,0.0037436988328405888,0.0,Load Case 2,5.0,0.4452374528778736,0.3964778107251967,0.4452374528778736,0.47333005175455556,0.468135530350431,0.47333005175455556,0.06245925199524209,0.06338861788751024,0.4943466037685968,0.06338861788751024,,986.1243507276238,4.0,2.4134887230437907,4.0,0.07096042925679395,4.0,0.026281840942996015,1583.1814312160022,5.0,1.5033021188051587,5.0,0.13155965230229427,4.26,0.052850937886994576
88,True,0.5574466877872636,0.0,0.03885697090724907,1.7252610590068689,0.11899431812005568,0.22526105900686888,0.31262660936243847,8.955125784826395e-33,0.010766819879974942,0.0,Load Case 2,5.0,0.4247360258375946,0.3813864649694966,0.4247360258375946,0.6946360634056616,0.4927862647365097,0.6946360634056616,0.07206257787522381,0.03366209831620545,0.45972132768235313,0.03366209831620545,,859.9444675146194,4.0,2.7676205730802486,4.0,0.04738409825511459,4.0,0.016437789569851383,1379.501373183503,5.0,1.7252610590068689,5.0,0.11899431812005568,4.23,0.04661068507944566
89,False,inf,inf,inf,0.0,inf,inf,inf,inf,inf,inf,invalid,nan,0.48280633824896685,0.5080967960117263,0.48280633824896685,1.4,1.2914548547108713,1.4,0.08495788199305684,0.9,0.0,0.9,Web openings are too large; keep a remaining ligament larger than 0.085 in.,,,,,,,,,,,,,,
90,True,204.82240593473668,0.0,0.08953575139043873,6.555876504077886,0.0219336078030197,5.055876504077886,0.6666337137694962,9.411113464690054e-33,0.014835292107765654,0.0,Load Case 2,5.0,0.6520952260322714,0.4731631077986302,0.6520952260322714,1.4,1.3046109842176,1.4,0.09592596691382126,0.7254907528326712,0.0,0.7254907528326712,,119.78795460619253,4.0,19.868441762983103,4.0,0.002956400682266252,4.0,0.0010809800442176595,363.03307399393395,5.0,6.555876504077886,5.0,0.0219336078030197,4.21,0.008404019465527157
91,True,30.60137789942364,0.0,0.06767650108275075,3.4471089126535177,0.03761131875472287,1.9471089126535177,0.5703467252984539,8.818414899644101e-33,0.014050342027728124,0.0,Load Case 2,8.0,0.35,0.5015226790228244,0.35,1.0147974716031953,1.1284039992698118,1.0147974716031953,0.08852015866609614,0.5903701270402381,0.0,0.5903701270402381,,155.59996549052408,4.0,15.295633212366877,4.0,0.005552363939680482,4.0,0.002186856122555342,690.4336533329671,8.0,3.4471089126535177,8.0,0.03761131875472287,4.37,0.017282800388779274
92,True,8.948817995051561,0.0,0.06116001050918849,2.5421235712869246,0.03011241216265226,1.0421235712869246,0.5438807601259589,1.2537688600641157e-32,0.03042471947925488,0.0,Load Case 2,8.0,0.35,0.581458451612298,0.35,1.326182268407349,0.8334262434647188,1.326182268407349,0.0964495213152113,0.6947600116208824,0.3362363855939634,0.6947600116208824,,221.40307538318172,4.0,10.74962484545863,4.0,0.007287597955493807,4.0,0.002560150462082092,936.2251414061469,8.0,2.5421235712869246,8.0,0.03011241216265226,4.34,0.013540413950641206
93,True,8.383640467567014,0.0,0.06505263484362735,2.5089203789610006,0.05694444777593863,1.0089203789610006,0.485853113519257,9.802192319464667e-33,0.01725531443057401,0.0,Load Case 2,8.0,0.45595250730672376,0.35,0.45595250730672376,1.4,1.140805739812993,1.4,0.08728350371633295,0.8141439628435878,0.0,0.8141439628435878,,191.13843556453992,4.0,12.451708066828703,4.0,0.0050209895056332506,4.0,0.0017986444484364066,948.6151971811918,8.0,2.5089203789610006,8.0,0.05694444777593863,4.21,0.02179827890421704
94,True,273.3415475117472,0.0,0.0841245081142546,7.3417580144773735,0.012173409078208818,5.8417580144773735,0.6977964969421909,9.879592028713468e-33,0.013668773393751594,0.0,Load Case 2,8.0,0.5518546041821704,0.7562101320458483,0.5518546041821704,1.4,1.048964947183775,1.4,0.09306992943041081,0.607561244998079,0.21182665529819508,0.607561244998079,,129.1190440772264,4.0,18.432602386496267,4.0,0.003719304209860828,4.0,0.0013417608439321438,324.1730380253375,8.0,7.3417580144773735,8.0,0.012173409078208818,4.32,0.005295561176960062
95,True,50.54438793483361,0.0,0.07239344465549347,4.006804363730343,0.047557432564356544,2.5068043637303434,0.5532659112072008,9.818526728504389e-33,0.019354923718840046,0.0,Load Case 2,5.0,0.5227145162920648,0.35,0.5227145162920648,1.4,1.2720059226283777,1.4,0.087573631645933,0.7597382204834349,0.0,0.7597382204834349,,157.50553676605946,4.0,15.110579912723813,4.0,0.0039123181219611995,4.0,0.001422584257047138,593.9895697288836,5.0,4.006804363730343,5.0,0.047557432564356544,4.2,0.017840549296874175
96,False,42.67087488269126,0.0,0.05236002655485211,3.79580649399616,0.031876260919510235,2.29580649399616,0.5776931854867964,8.755665884337496e-33,0.013839772730486487,0.004927012927947104,Load Case 2,8.0,0.5105326646855941,0.5410200881681972,0.5105326646855941,1.4,1.0277637748877013,1.4,0.06,0.7052735396041504,0.0,0.7052735396041504,Durability check failed: minimum shell area ratio 0.149 is below 0.180.,229.83522766989498,4.0,10.355244599049534,4.0,0.006529690055680194,4.0,0.002319614258278549,627.0077264909194,8.0,3.79580649399616,8.0,0.031876260919510235,4.2700000000000005,0.013026738368984714
97,False,47.71202716853301,0.0,0.07783223051847467,3.933910601498699,0.04266064378319852,2.433910601498699,0.5450674131140911,1.1468996873903112e-32,0.03443066741942439,0.0008345122899343226,Load Case 2,4.0,0.7120558517561549,0.35,0.7120558517561549,0.8556071919804306,1.1027569996394664,0.8556071919804306,0.10576524153442443,0.5214761385588222,0.215581710797355,0.5214761385588222,Durability check failed: width ratio 2.034 exceeds 1.900.,181.28306005276005,4.0,13.128639815034743,4.0,0.005962334882790199,4.0,0.0022675488991290293,604.9959546852166,4.0,3.933910601498699,4.0,0.04266064378319852,4.16,0.015309121233376966
98,True,7.797507908567587,0.0,0.04921970041148052,2.4742322460435076,0.07040949150758603,0.9742322460435076,0.4310477781755341,5.946383229009008e-33,0.014645773156165246,0.0,Load Case 2,5.0,0.5734281651642095,0.35,0.5734281651642095,0.7539376787653458,0.7725945744263671,0.7539376787653458,0.1007854038701066,0.6141528712459329,0.6147296848921493,0.6141528712459329,,383.3353661586744,4.0,6.208662727494974,4.0,0.015658268090251063,4.0,0.005708265950710861,961.9145509908408,5.0,2.4742322460435076,5.0,0.07040949150758603,4.18,0.026030674772747897
99,True,1.5715713856511004,0.0,0.03224110703076203,1.9215985472897532,0.08081330131051759,0.4215985472897532,0.3322497427109342,4.60982001100626e-33,0.0036006268562310865,0.0,Load Case 2,5.0,0.43556593744122585,0.35,0.43556593744122585,1.092962680495333,1.061782398707945,1.092962680495333,0.06,0.5342881257404777,0.7282035986498891,0.5342881257404777,,366.80008975676037,4.0,6.488548030558749,4.0,0.010449848808149656,4.0,0.0038128945035444117,1238.552143660174,5.0,1.9215985472897532,5.0,0.08081330131051759,4.24,0.03175219701894161
100,True,27.61295904525565,0.0,0.051681994730882364,3.349835533810407,0.0516851780554483,1.849835533810407,0.5144933243460841,1.3013925377890397e-32,0.020241232741891147,0.0,Load Case 2,5.0,0.5723278514250923,0.35,0.5723278514250923,0.9649422497161384,1.281911399310147,0.9649422497161384,0.07459687507334795,0.6028154218979916,0.38056636989293197,0.6028154218979916,,182.18248069265098,4.0,13.063824748413397,4.0,0.0055394868164207745,4.0,0.002163938982370617,710.4826419023539,5.0,3.349835533810407,5.0,0.0516851780554483,4.2,0.019606932444576897
101,False,11.549645463217265,0.0,0.04854588453333298,2.6866857814699054,0.049698633537018574,1.1866857814699054,0.4684267345757861,7.394278305332049e-33,0.030105678261837045,0.0012466673312227013,Load Case 2,4.0,0.7225138658351161,0.35,0.7225138658351161,0.9842066530034288,0.9865397233407585,0.9842066530034288,0.0855860056804356,0.6784289929007975,0.7036644388593235,0.6784289929007975,Durability check failed: width ratio 2.064 exceeds 1.900.,304.79141400995206,4.0,7.80861891313739,4.0,0.00886339031762743,4.0,0.0031725447741580708,885.8497768570036,4.0,2.6866857814699054,4.0,0.049698633537018574,4.15,0.017619868846649456
102,False,inf,inf,inf,0.0,inf,inf,inf,inf,inf,inf,invalid,nan,0.5704655639280439,0.35,0.5704655639280439,0.8946514562660538,1.4,0.8946514562660538,0.10425424065973421,0.45270021296455215,0.8297920011366917,0.45270021296455215,Web openings are too large; keep a remaining ligament larger than 0.104 in.,,,,,,,,,,,,,,
103,True,7.972830197300789,0.0,0.05222433763264532,2.487477105626607,0.06975451732710786,0.9874771056266072,0.34139691049059384,1.7877140424481784e-33,0.0007622263427463481,0.0,Load Case 2,5.0,0.35,0.3553541501266162,0.35,1.178777199563671,1.0734489186336567,1.178777199563671,0.09989562812678979,0.6526624954087975,0.538942495864587,0.6526624954087975,,211.45554986509276,4.0,11.25532056982389,4.0,0.0064933407140903635,4.0,0.0023966585837805615,956.7927256964509,5.0,2.487477105626607,5.0,0.06975451732710786,4.28,0.02874261517086807
104,True,17.285464039606197,0.0,0.04888560616859459,2.960325081378499,0.0611935119278153,1.4603250813784991,0.48712198174365745,8.612724676147005e-33,0.018969978007868423,0.0,Load Case 2,5.0,0.5193491713938455,0.35,0.5193491713938455,0.7982530971301435,1.1841307600020146,0.7982530971301435,0.07486023766626727,0.41343980834849475,0.46040256680888564,0.41343980834849475,,213.35796419530118,4.0,11.154962079697306,4.0,0.007445378981436362,4.0,0.0029803855311830163,803.9657586834126,5.0,2.960325081378499,5.0,0.0611935119278153,4.23,0.023864811033355582
105,False,21.821090738497794,18.041044472154983,0.04400000701598314,1.310047140204971,0.09016363642191877,0.0,0.34007830304995157,1.7895796721564606e-32,0.06849162642030134,0.07192942730666506,Load Case 2,4.0,1.0894669879035264,0.35,1.0894669879035264,0.47753966024613737,0.3885720180833725,0.47753966024613737,0.06658726904073912,0.366634629938709,0.30985991123464846,0.366634629938709,Minimum factor of safety 1.310 is below the target 1.500. | Durability check failed: width ratio 3.113 exceeds 1.900. | Durability check failed: max profile slope 0.185 in/in exceeds 0.160 in/in.,1395.3676767638442,4.0,1.7056436376107897,4.0,0.08238597507883572,4.0,0.027490657630468984,1816.7285183551664,4.0,1.310047140204971,4.0,0.09016363642191877,4.09,0.029288523790088616
106,False,11.04798476440653,0.0,0.04613033571671975,2.6559608606091545,0.04769492492544106,1.1559608606091545,0.45174699518139255,1.046848127086883e-32,0.03507335969505236,0.002865137647714974,Load Case 2,4.0,0.9594381323125083,0.4464338093964043,0.9594381323125083,0.6867513215899552,0.5786992645031762,0.6867513215899552,0.06481409894565762,0.45580547131647076,0.4071567733385397,0.45580547131647076,Durability check failed: width ratio 2.149 exceeds 1.900.,621.5579551654055,4.0,3.8290878271627107,4.0,0.028348562643223392,4.0,0.009787448691886476,896.0975424367278,4.0,2.6559608606091545,4.0,0.04769492492544106,4.14,0.016648890748936773
107,False,17.52868996391286,0.0,0.049695758184311115,2.9600623740349215,0.04571824910789607,1.4600623740349215,0.4762876182926599,8.822917847304715e-33,0.03701390737123671,0.004938645570696434,Load Case 2,4.0,0.904687390682576,0.4062241878266067,0.904687390682576,0.8968609814145203,0.8226017989918026,0.8968609814145203,0.06,0.24458581472009233,0.42027616628730774,0.24458581472009233,Durability check failed: width ratio 2.227 exceeds 1.900.,408.54383574444415,4.0,5.825568254293177,4.0,0.013830959606491326,4.0,0.004853896069590552,804.0371111355242,4.0,2.9600623740349215,4.0,0.04571824910789607,4.14,0.015971572452050387
108,False,7.3978356357811474,7.040757191200178,0.03772937794246305,1.3813344431505066,0.10331573630105961,0.0,0.35925991431129534,1.5664127248336644e-32,0.05153897551623661,0.0035629280794936408,Load Case 2,4.0,0.7679626175375025,0.3745241167719082,0.7679626175375025,0.6503930043689605,0.357426489976889,0.6503930043689605,0.06926020647932551,0.5949927268408036,0.35891738312416516,0.5949927268408036,Minimum factor of safety 1.381 is below the target 1.500. | Durability check failed: minimum residual web ligament 0.0702 in is below 0.0800 in. | Durability check failed: width ratio 2.051 exceeds 1.900.,1489.7717254346226,4.0,1.5975601895019615,4.0,0.08413246161077761,4.0,0.02712683711131314,1722.9715886702763,4.0,1.3813344431505066,4.0,0.10331573630105961,4.13,0.03535615090031752
109,True,11.15774155030169,0.0,0.04742140145562357,2.66988185994533,0.07078717908507742,1.1698818599453298,0.44672572601096344,7.910493166755424e-33,0.016592049696917823,0.0,Load Case 2,5.0,0.5978216372044305,0.3764922331752894,0.5978216372044305,0.660518976556958,0.7782466518007454,0.660518976556958,0.07059733176887573,0.41602557491898995,0.05425247587120369,0.41602557491898995,,403.6109774450652,4.0,5.896767266009106,4.0,0.018605576753307283,4.0,0.007018254392278378,891.4252108700924,5.0,2.66988185994533,5.0,0.07078717908507742,4.2,0.026738991155778047
110,True,3.601488823242457,0.0,0.03375109301005427,2.154712190045678,0.07896127083519919,0.6547121900456778,0.36727735151449686,1.5510848791889748e-32,0.0333541428235565,0.0,Load Case 2,5.0,0.6311208234684402,0.40791600744793416,0.6311208234684402,0.39294178620876974,0.6826754945892985,0.39294178620876974,0.06,0.10156899982586737,0.5890857939007573,0.10156899982586737,,574.2332373569074,4.0,4.144657336372087,4.0,0.034957640782916674,4.0,0.014235588349574557,1104.555871078794,5.0,2.154712190045678,5.0,0.07896127083519919,4.22,0.03067011203438108
111,True,72.1549985367427,0.0,0.0560619581371669,4.4977355640512755,0.030386600839558544,2.9977355640512755,0.591415378952379,2.5725951103327384e-33,0.001977000498831364,0.0,Load Case 2,5.0,0.6071190838741931,0.5674675895336222,0.6071190838741931,0.7562622732411874,0.8235516611457065,0.7562622732411874,0.07527290817621532,0.4440491772033332,0.16222610045813562,0.4440491772033332,,265.45442309384805,4.0,8.965757557404048,4.0,0.011835410766584072,4.0,0.004505428904229285,529.1551639946229,5.0,4.4977355640512755,5.0,0.030386600839558544,4.2700000000000005,0.012479694833067434
112,False,inf,inf,inf,0.0,inf,inf,inf,inf,inf,inf,invalid,nan,0.8910363983713828,0.35,0.8910363983713828,0.38116495661330124,0.35,0.38116495661330124,0.06,0.5676908924220433,0.6286106880229287,0.5676908924220433,Web openings are too large; keep a remaining ligament larger than 0.060 in.,,,,,,,,,,,,,,
113,False,80.90452722862284,0.0,0.04798287466010054,4.670590042443899,0.024728817554788424,3.170590042443899,0.5952944965004298,1.7282368856422363e-32,0.05521835496549375,0.004209920714853732,Load Case 2,5.0,0.35,0.7706900805598952,0.35,1.3350804000113945,0.7611359490224066,1.3350804000113945,0.06,0.2777875412378973,0.5659050202236662,0.2777875412378973,Durability check failed: width ratio 2.202 exceeds 1.900.,309.3155564883749,4.0,7.694407701377439,4.0,0.010049033381921577,4.0,0.0034915356851860507,509.57159124902745,5.0,4.670590042443899,5.0,0.024728817554788424,4.37,0.01165931088245864
114,False,13.957022875598122,0.0,0.040887947219226874,2.8101157006983195,0.05553839360885988,1.3101157006983195,0.46901219859010496,1.1228229066784309e-32,0.02851582097771883,0.00024401437698110112,Load Case 2,5.0,0.3826487386234979,0.4908404819233386,0.3826487386234979,1.4,0.735537750375918,1.4,0.06,0.38078337635207454,0.5650997483911883,0.38078337635207454,Durability check failed: height ratio 1.903 exceeds 1.900. | Durability check failed: max profile slope 0.166 in/in exceeds 0.160 in/in.,446.07563062976266,4.0,5.33541811427796,4.0,0.013760528765058015,4.0,0.004600316503544644,846.9402165215351,5.0,2.8101157006983195,5.0,0.05553839360885988,4.2700000000000005,0.022883472133750082
115,True,79.39590583316611,0.0,0.04875196894929347,4.645198533236176,0.025183874945252458,3.145198533236176,0.5938548477297619,4.265470424913907e-33,0.00371386581161693,0.0,Load Case 2,5.0,0.5447053795588627,0.6091501053023265,0.5447053795588627,1.289361218442965,1.0382221145302284,1.289361218442965,0.06105402817328047,0.5098226686949914,0.4668196259914159,0.5098226686949914,,221.4959178165886,4.0,10.745119022783875,4.0,0.006419030078556101,4.0,0.0023195575816032797,512.3570032521135,5.0,4.645198533236176,5.0,0.025183874945252458,4.29,0.010488866181705692
116,False,39.06375721747601,0.0,0.03995941295006976,3.6974972621980298,0.02476807413336758,2.1974972621980298,0.5192008146472952,2.5831096854940454e-33,0.0012261750587774694,0.00419511855878122,Load Case 2,5.0,0.5196199989347157,0.5970541097101061,0.5196199989347157,1.253604672448141,1.2483201921425375,1.253604672448141,0.06,0.6561238870399975,0.695522116501916,0.6561238870399975,Durability check failed: minimum shell area ratio 0.151 is below 0.180.,207.64332088317872,4.0,11.461962705455868,4.0,0.0052251935987918385,4.0,0.0019698919766310274,643.678637529315,5.0,3.6974972621980298,5.0,0.02476807413336758,4.3100000000000005,0.010569727496306802
117,True,27.790325243819655,0.0,0.050174262890092455,3.3558215706883145,0.04101598741128437,1.8558215706883145,0.5264132500997368,8.712875031700922e-33,0.011055751794380855,0.0,Load Case 2,5.0,0.5478856138538533,0.4526909521283281,0.5478856138538533,1.3571153085631191,0.9602471056117721,1.3571153085631191,0.0683311698631148,0.34782220274031805,0.655377421062977,0.34782220274031805,,305.25944106825074,4.0,7.796646654633274,4.0,0.007978166354323746,4.0,0.0027485262473460337,709.2152994033698,5.0,3.3558215706883145,5.0,0.04101598741128437,4.22,0.015791731674920373
118,False,47.78801837684489,0.0,0.04096938244801741,3.9360037446691116,0.030661075270319218,2.4360037446691116,0.5407723698792186,1.5006904716269503e-32,0.03927381910704018,0.0014616513374311752,Load Case 2,5.0,0.46843138104029985,0.6779044852149249,0.46843138104029985,1.273286506291415,0.6158175160948914,1.273286506291415,0.06079682069420776,0.651970493711043,0.43790735529924596,0.651970493711043,Durability check failed: minimum shell area ratio 0.177 is below 0.180. | Durability check failed: height ratio 2.068 exceeds 1.900. | Durability check failed: max profile slope 0.164 in/in exceeds 0.160 in/in.,430.4126052113907,4.0,5.529577831093257,4.0,0.015650070031299056,4.0,0.005240882749665138,604.6742214672562,5.0,3.9360037446691116,5.0,0.030661075270319218,4.29,0.012947402954512077
119,False,inf,inf,inf,0.0,inf,inf,inf,inf,inf,inf,invalid,nan,0.5368384515457453,0.6341195179807833,0.5368384515457453,1.0722825412625112,0.631588437164984,1.0722825412625112,0.061263503027520316,0.33001522774263,0.8956050736531227,0.33001522774263,Web openings are too large; keep a remaining ligament larger than 0.061 in.,,,,,,,,,,,,,,
120,True,62.02125545161824,0.0,0.043536101337105684,4.278585606807163,0.024010745214302,2.7785856068071633,0.5724948065117442,1.5841847354780195e-32,0.04347457718188602,0.0,Load Case 2,5.0,0.40262635267766256,0.7454056201604403,0.40262635267766256,1.4,0.7732562347062301,1.4,0.061371692918818076,0.49789011015131457,0.6671574540729684,0.49789011015131457,,327.66524055295173,4.0,7.263510758674399,4.0,0.009674192166451235,4.0,0.003326747385905618,556.2585907392987,5.0,4.278585606807163,5.0,0.024010745214302,4.34,0.010789020380801151
121,False,121.81648748048376,0.0,0.05172281123854825,5.397401232598084,0.01992921756241625,3.8974012325980842,0.6381892141664716,5.6612611857203716e-33,0.005264092163572124,0.0004385654756269289,Load Case 2,5.0,0.7937083514405955,0.6128677943976776,0.7937083514405955,1.0311928570174538,1.1167298007122448,1.0311928570174538,0.06,0.5928262747864693,0.37475292171067737,0.5928262747864693,Durability check failed: minimum shell area ratio 0.171 is below 0.180.,195.3096288598413,4.0,12.185779133848762,4.0,0.006036908301555448,4.0,0.002272215183952639,440.9529507693033,5.0,5.397401232598084,5.0,0.01992921756241625,4.24,0.00786170884471693
122,True,180.1809994808804,0.0,0.07594703766205599,6.241676574841945,0.02082882882215168,4.741676574841945,0.6532649330306426,1.1640392973200595e-32,0.028119311396465348,0.0,Load Case 2,5.0,0.740573709804294,0.5008672321058352,0.740573709804294,0.7975573434602592,1.4,0.7975573434602592,0.08267905281115709,0.27126126425488617,0.31989494734959445,0.27126126425488617,,118.80150446687733,4.0,20.033416333238105,4.0,0.0038057262875412804,4.0,0.0015808784732144684,381.3078059175579,5.0,6.241676574841945,5.0,0.02082882882215168,4.24,0.008233789382975504
123,True,46.74661034065248,0.0,0.050264433063896274,3.9108063417678682,0.03570698871360185,2.4108063417678682,0.5581374382074732,9.593888584223974e-33,0.01700021383533304,0.0,Load Case 2,5.0,0.5518920483590364,0.43361014916441587,0.5518920483590364,0.8442554008785044,1.3468263365960638,0.8442554008785044,0.07670778760204044,0.6273691150112921,0.49814775097346875,0.6273691150112921,,154.08120591142082,4.0,15.44640039595893,4.0,0.00503915965454526,4.0,0.0020798683220371837,608.5701494807662,5.0,3.9108063417678682,5.0,0.03570698871360185,4.26,0.014542731291622424
124,False,inf,inf,inf,0.0,inf,inf,inf,inf,inf,inf,invalid,nan,0.591784224488697,0.49004624783163,0.591784224488697,0.759611755665138,1.1400889968513046,0.759611755665138,0.07212770711364867,0.6104817893645955,0.8804540474464811,0.6104817893645955,Web openings are too large; keep a remaining ligament larger than 0.072 in.,,,,,,,,,,,,,,
125,False,inf,inf,inf,0.0,inf,inf,inf,inf,inf,inf,invalid,nan,0.6547167148398639,0.35,0.6547167148398639,0.9326365443716325,1.2293039729738844,0.9326365443716325,0.08000191439665302,0.6236937317510505,0.8764419436877494,0.6236937317510505,Web openings are too large; keep a remaining ligament larger than 0.080 in.,,,,,,,,,,,,,,
126,True,62.030754923896886,0.0,0.05194002744440345,4.278736686598861,0.028059879004106142,2.7787366865988608,0.5782146265295072,9.611527332462347e-33,0.0180639652127622,0.0,Load Case 2,5.0,0.7848163029933055,0.46727430465951736,0.7848163029933055,0.9780523003887711,1.1694694863452353,0.9780523003887711,0.06949924513482536,0.5364227457543519,0.5806954371812603,0.5364227457543519,,208.64328110797345,4.0,11.40702920008406,4.0,0.005994858359778485,4.0,0.0022545912339762175,556.2389495605644,5.0,4.278736686598861,5.0,0.028059879004106142,4.2,0.010533962641881556
127,False,36.80368068198633,0.0,0.051045578781488445,3.5977868579696834,0.033380153567701874,2.0977868579696834,0.5370641584409334,1.6364273488430135e-32,0.05986176540291786,0.026820530127342063,Load Case 2,4.0,0.9310964716275513,0.35,0.9310964716275513,0.9790657861279768,1.4,0.9790657861279768,0.07299559044481961,0.7983136295313029,0.5824039821634258,0.7983136295313029,Durability check failed: minimum shell area ratio 0.175 is below 0.180. | Durability check failed: width ratio 2.660 exceeds 1.900.,176.90105869760532,4.0,13.453848255755055,4.0,0.004448391429152321,4.0,0.0017029013832858472,661.5177868938824,4.0,3.5977868579696834,4.0,0.033380153567701874,4.13,0.011611030816346957
128,False,154.59558337474328,0.0,0.057497363684857104,5.890705749203158,0.015162444849458761,4.390705749203158,0.6519743983092307,1.1906462637130203e-32,0.031804910018595624,0.0014795537991856517,Load Case 2,5.0,0.5463656485385758,0.7036223035106368,0.5463656485385758,0.7068059390937746,1.4,0.7068059390937746,0.0818083672416435,0.47753234936770106,0.7037805236955408,0.47753234936770106,Durability check failed: minimum shell area ratio 0.178 is below 0.180. | Durability check failed: height ratio 1.981 exceeds 1.900. | Durability check failed: max profile slope 0.173 in/in exceeds 0.160 in/in.,127.21044385415516,4.0,18.70915569423399,4.0,0.004052134791393247,4.0,0.0018043222334347242,404.0262918109507,5.0,5.890705749203158,5.0,0.015162444849458761,4.39,0.007102680510796128
129,True,76.55010106542858,0.0,0.07973100174754663,4.58752559205754,0.03654816016096469,3.08752559205754,0.5893322639972322,6.909018148807487e-33,0.005298394666296507,0.0,Load Case 2,5.0,0.4368877731828685,0.42899021335695126,0.4368877731828685,1.001291706746931,1.2713820604593684,1.001291706746931,0.10996241462924894,0.5491907013462516,0.21430832509367229,0.5491907013462516,,122.2749422984685,4.0,19.464331409705434,4.0,0.003993203856578193,4.0,0.001590740650521394,518.7981957246263,5.0,4.58752559205754,5.0,0.03654816016096469,4.3,0.015401048901689252
130,True,86.94769409799869,0.0,0.07512468401533298,4.79116606410155,0.028077501479884748,3.2911660641015503,0.611761709668916,7.616494003322763e-33,0.014201078832392359,0.0,Load Case 2,8.0,0.388640094360141,0.584220078861017,0.388640094360141,1.0406984021594006,0.8434867214833794,1.0406984021594006,0.11251484810630846,0.5264736365706147,0.2301699364202272,0.5264736365706147,,195.2200476585238,4.0,12.191370858402118,4.0,0.0075464959033920065,4.0,0.0027724773833310433,496.7475491681382,8.0,4.79116606410155,8.0,0.028077501479884748,4.3500000000000005,0.012676522910951005
131,True,47.083063100802775,0.0,0.07490245218754793,3.9186559524298827,0.029398478703479027,2.4186559524298827,0.5904559762218506,7.22442025625831e-33,0.007760423805151897,0.0,Load Case 2,8.0,0.41177827036225784,0.5222861047677358,0.41177827036225784,1.1855194442061743,0.9475910959808355,1.1855194442061743,0.12094647020074098,0.6530141712644857,0.380496789270772,0.6530141712644857,,171.60442096408624,4.0,13.869106556981372,4.0,0.005672046113134652,4.0,0.002062180163257888,607.3510991757794,8.0,3.9186559524298827,8.0,0.029398478703479027,4.3100000000000005,0.012671726724522436
132,False,inf,inf,inf,0.0,inf,inf,inf,inf,inf,inf,invalid,nan,0.42337443373112926,0.6432051338286888,0.42337443373112926,0.9479395916500425,0.9599087108781829,0.9479395916500425,0.11945355860107178,0.8106847718119408,0.01933559454051162,0.8106847718119408,Web openings are too large; keep a remaining ligament larger than 0.119 in.,,,,,,,,,,,,,,
133,True,14.591494963241114,0.0,0.07313982562668703,2.8394279255099315,0.07374490513141338,1.3394279255099315,0.46896013375049034,6.686621283508464e-33,0.005605832383489322,0.0,Load Case 2,5.0,0.3979488641696027,0.35,0.3979488641696027,0.8608200038701673,0.9539413446866079,0.8608200038701673,0.1192072687205169,0.5416804108099788,0.040339782327648926,0.5416804108099788,,219.27306255184413,4.0,10.854046421854857,4.0,0.008615446286633983,4.0,0.0032939732778881903,838.1970109604304,5.0,2.8394279255099315,5.0,0.07374490513141338,4.26,0.02979462002689892
134,True,155.56412355493657,0.0,0.10637529847514364,5.904990020113029,0.022605788713827457,4.404990020113029,0.6358050783839081,8.00001527426558e-33,0.012399535546568318,0.0,Load Case 2,8.0,0.4054062744074051,0.5736305555329039,0.4054062744074051,0.8885698471911677,1.1264961904381992,0.8885698471911677,0.14,0.3880787355601222,0.07368597678779025,0.3880787355601222,,107.13699020632089,4.0,22.214549759300446,4.0,0.004201057237576508,4.0,0.0017117945134790553,403.0489453654392,8.0,5.904990020113029,8.0,0.022605788713827457,4.39,0.010573312218012387
135,False,inf,inf,inf,0.0,inf,inf,inf,inf,inf,inf,invalid,nan,0.35,0.830432617319276,0.35,0.7161678312385975,1.4,0.7161678312385975,0.12219162232865849,0.5566886711925153,0.05874053970565782,0.5566886711925153,Web openings are too large; keep a remaining ligament larger than 0.122 in.,,,,,,,,,,,,,,
136,True,132.36157508633292,0.0,0.09236796139527567,5.5627293699041225,0.025665349861712792,4.0627293699041225,0.6295704121108977,6.081169426308323e-33,0.008993386821484334,0.0,Load Case 2,8.0,0.39948301888309296,0.5649938895300238,0.39948301888309296,0.9047159008326267,1.0098113299045712,0.9047159008326267,0.1334405997277602,0.428028825215649,0.18992823436929357,0.428028825215649,,134.78426757625755,4.0,17.657847186456355,4.0,0.005395572758101741,4.0,0.0021277666968731205,427.84752622991994,8.0,5.5627293699041225,8.0,0.025665349861712792,4.38,0.011829742292195078
137,False,106.40995994948571,0.0,0.062017661853450194,5.137200677961463,0.02529071503811647,3.637200677961463,0.6213035730457861,1.2319086349682032e-32,0.045422038044054744,0.005660585030928189,Load Case 2,5.0,0.35,0.7875541239282191,0.35,0.7857160842464836,0.5519879614624826,0.7857160842464836,0.09143766370406206,0.12619646993661118,0.35620918003738844,0.12619646993661118,Durability check failed: width ratio 2.250 exceeds 1.900.,340.771958079755,4.0,6.984142748749824,4.0,0.018945109884923282,4.0,0.006914264239500811,463.28733277058365,5.0,5.137200677961463,5.0,0.02529071503811647,4.43,0.01255921930355397
138,True,20.95562292495904,0.0,0.04909099388151247,3.110020608571358,0.04580981872635001,1.6100206085713582,0.4795796294473924,3.943099762515158e-33,0.00449393525016639,0.0,Load Case 2,5.0,0.5631587303350537,0.5989967303877645,0.5631587303350537,0.5246571193305696,0.44446798774051544,0.5246571193305696,0.08106522157339455,0.0,0.4040209070404898,0.0,,646.9290595359541,4.0,3.678919604735622,4.0,0.04580981872635001,4.0,0.016651860976527044,765.2682408086338,5.0,3.110020608571358,5.0,0.04442725864414171,4.28,0.01840618550159323
139,True,228.03588420123984,0.0,0.06944434846812082,6.835343358644187,0.017186309962209663,5.335343358644187,0.6667014857765547,8.802314363979842e-33,0.019947652402763024,0.0,Load Case 2,5.0,0.5983381148927058,0.6857287865563111,0.5983381148927058,0.6111713406087178,1.0729531563303605,0.6111713406087178,0.08913767230957757,0.3476516382115291,0.32879033863375784,0.3476516382115291,,140.3333331940752,4.0,16.95961996932374,4.0,0.006482007800412078,4.0,0.002806096370560876,348.1902627452033,5.0,6.835343358644187,5.0,0.017186309962209663,4.3500000000000005,0.0077332650165906625
140,False,inf,inf,inf,0.0,inf,inf,inf,inf,inf,inf,invalid,nan,0.46393054239160825,0.7256313748971615,0.46393054239160825,0.7982427943708436,0.43905018422059,0.7982427943708436,0.10077930898513202,0.007325178765013152,0.4161603677020878,0.007325178765013152,Web openings are too large; keep a remaining ligament larger than 0.101 in.,,,,,,,,,,,,,,
141,True,93.20535653263629,0.0,0.07002439003461913,4.908172848396162,0.02783878250267051,3.4081728483961617,0.5992757243611198,2.6778558913864382e-33,0.0014944090560706127,0.0,Load Case 2,5.0,0.6120459151282701,0.5668794664526033,0.6120459151282701,0.8853081611413365,0.815692729344632,0.8853081611413365,0.08197966298296712,0.025764409352456344,0.23903213453973635,0.025764409352456344,,255.94124342909296,4.0,9.299009288666541,4.0,0.0102707261572667,4.0,0.0037668876223681536,484.9054981382145,5.0,4.908172848396162,5.0,0.02783878250267051,4.26,0.011242415516320159
142,False,167.8913379414043,0.0,0.0645063355981746,6.076947899126764,0.02007513423639731,4.576947899126764,0.6515752188843831,1.138748797613898e-32,0.027203616283267142,6.005247488834198e-05,Load Case 2,5.0,0.4202030491253232,0.8135407214548057,0.4202030491253232,0.7512836584878037,0.6758608410734002,0.7512836584878037,0.08677261498249235,0.360431902652165,0.09410756805308093,0.360431902652165,Durability check failed: width ratio 1.936 exceeds 1.900.,244.72449777143487,4.0,9.725221715330054,4.0,0.01327103075343421,4.0,0.005080525736690655,391.64396988527704,5.0,6.076947899126764,5.0,0.02007513423639731,4.42,0.009790497589254321
143,False,inf,inf,inf,0.0,inf,inf,inf,inf,inf,inf,invalid,nan,0.35,0.6690476046222653,0.35,0.35,0.9620334542074485,0.35,0.09978646493884327,0.0,0.5536971019039537,0.0,Web openings are too large; keep a remaining ligament larger than 0.100 in.,,,,,,,,,,,,,,
144,True,138.82390688256055,0.0,0.06786404661084025,5.661248951985937,0.023107822405207902,4.161248951985937,0.6429383368807197,6.619161595009636e-33,0.010238982696679916,0.0,Load Case 2,5.0,0.4794845969863053,0.6965368183513145,0.4794845969863053,0.6717965450639479,0.7906816500955931,0.6717965450639479,0.08941605638021137,0.1931467425113645,0.12183860783489939,0.1931467425113645,,215.0127590959001,4.0,11.069110549567299,4.0,0.011376621435705902,4.0,0.004546495873308798,420.40193253912787,5.0,5.661248951985937,5.0,0.023107822405207902,4.38,0.010695823638864899
