evaluation_id,feasible,objective,penalty,weight_lbf,min_factor_of_safety,max_deflection_in,governing_load_case,governing_x_in,left_width_in,mid_width_in,right_width_in,left_height_in,mid_height_in,right_height_in,wall_thickness_in,left_web_opening_ratio,mid_web_opening_ratio,right_web_opening_ratio,violations,load_case_1_max_von_mises_psi,load_case_1_max_von_mises_x_in,load_case_1_min_factor_of_safety,load_case_1_min_factor_of_safety_x_in,load_case_1_max_deflection_in,load_case_1_max_deflection_x_in,load_case_1_max_slope_rad,load_case_2_max_von_mises_psi,load_case_2_max_von_mises_x_in,load_case_2_min_factor_of_safety,load_case_2_min_factor_of_safety_x_in,load_case_2_max_deflection_in,load_case_2_max_deflection_x_in,load_case_2_max_slope_rad
1,True,0.14649014938346286,0.0,0.14649014938346286,34.16224663904896,0.0018201761421823377,Load Case 1,4.0,0.8099165175142878,0.8492092208396539,0.8903589280806411,1.9092935818152528,1.4031814014407478,1.8660961678795376,0.10430119743621483,0.23988781424671762,0.06607442510491159,0.5299370964986019,,69.66754924365995,4.0,34.16224663904896,4.0,0.001413545791265585,4.0,0.0005006568343140887,53.996856272749085,2.49,44.076640091381186,2.49,0.0018201761421823377,3.61,0.0007908999817578259
2,True,0.2406882326884709,0.0,0.2406882326884709,53.28359101049415,0.0011140216904760023,Load Case 1,4.0,1.410782577817359,0.7615800049372088,1.4189755357695495,1.4992339936057038,1.6541864164131526,1.8127179120766943,0.15076394384208625,0.16495864524286416,0.11794662880331255,0.25549958250020854,,44.666659188403074,4.0,53.28359101049415,4.0,0.0008246865792095053,3.93,0.00030899417234645903,32.806588477769644,2.49,72.54640334250946,2.49,0.0011140216904760023,3.7600000000000002,0.000427080601646936
3,True,0.16486383497082235,0.0,0.16486383497082235,41.94177837423317,0.0010818996198837917,Load Case 1,8.0,1.1258918049413058,0.9266428488063218,1.345894969376185,1.3402572876544705,2.043918294426574,0.9626706897964553,0.10021281881438414,0.0850096537392289,0.030963672126012535,0.5005147911106751,,56.74532869741517,8.0,41.94177837423317,8.0,0.0008500469772069663,4.12,0.0003779954492888135,39.37142231105496,2.49,60.4499370430854,2.49,0.0010818996198837917,3.59,0.00047445136438078794
4,True,0.2035587078927747,0.0,0.2035587078927747,70.41189085327653,0.0006527764580981353,Load Case 1,0.0,1.1763279527526986,1.2449618055662448,0.9884888547860066,0.9334282674941912,1.8550027599878876,1.5846138220464256,0.15607883481104567,0.33943603957290575,0.4637629824294082,0.6066828841228756,,33.80110903369171,0.0,70.41189085327653,0.0,0.0006527764580981353,3.77,0.0003040062975541802,29.88649986381089,2.49,79.63461799961078,2.49,0.0005609071061509947,3.5300000000000002,0.0002653849859332823
5,True,0.1540313737165879,0.0,0.1540313737165879,24.112542225377556,0.0018796336594864907,Load Case 1,4.0,1.2667974991958229,0.7426193236436343,1.5956919825867384,1.4348216444988968,1.1850438459513013,1.576844425304204,0.1446397301038137,0.6144301820010448,0.6767162816988008,0.5586183099484646,,98.70381885718953,4.0,24.112542225377556,4.0,0.0018796336594864907,3.94,0.0006656654786302678,66.42084289470522,2.49,35.83212582491517,2.49,0.0016195215626632873,3.7,0.0006282751162735388
6,True,0.1474066816316887,0.0,0.1474066816316887,25.010852764488412,0.0037567249239731345,Load Case 1,4.0,0.8380235149837008,1.3459394200190369,0.718525185086996,0.9045407192953764,0.8354080936119441,0.8746025508881347,0.14659188455019012,0.6050435667901165,0.4401602862940023,0.15841759341688688,,95.15869060567324,4.0,25.010852764488412,4.0,0.0037567249239731345,4.03,0.0014700143913184624,56.62349694776308,0.0,42.0320207739134,0.0,0.0010940002357475859,3.52,0.0005396239085737366
7,True,0.15716065800965293,0.0,0.15716065800965293,21.605706791810718,0.0010969736056252015,Load Case 1,0.0,1.0833954186076884,1.2742404108759757,1.5138715166571104,0.7258605279189786,1.6752999264229649,1.2281229972093297,0.11427356166165985,0.6541512324691386,0.3363367306418023,0.47588533029585245,,110.15608158220954,0.0,21.605706791810718,0.0,0.0010969736056252015,3.66,0.0005493226831306012,52.86929788990499,0.0,45.0166749888775,0.0,0.000729790320736108,3.3000000000000003,0.0003749798244378038
8,True,0.14668344327679075,0.0,0.14668344327679075,41.31776571234262,0.0008873580024399937,Load Case 1,8.0,1.5283205679372518,1.3588004141143415,0.9589258119187198,1.0394089466323653,2.0152763030538314,1.0097493460821976,0.08450165308769192,0.0937933477549443,0.09858221707237198,0.4709454222051574,,57.60234027584498,8.0,41.31776571234262,8.0,0.0008873580024399937,4.12,0.000412587346548636,30.367356060457183,2.49,78.37363237226681,2.49,0.0006432698445166352,3.81,0.00027699707667877603
9,True,0.26664906023436974,0.0,0.26664906023436974,49.80884774484406,0.0011364670185472032,Load Case 1,4.0,1.253478562995789,1.1544311970911243,0.9268472389910554,1.110076651978423,1.2433102750618152,2.143991839853559,0.18250769705374656,0.21261785479827058,0.23648831016991065,0.006235851431060818,,47.78267532290716,4.0,49.80884774484406,4.0,0.0011364670185472032,3.7600000000000002,0.0004608859011727784,28.225796308051127,2.49,84.32003030224975,2.49,0.0006999431197758576,3.64,0.0003032594479899517
10,True,0.15860670911297806,0.0,0.15860670911297806,27.664603250086532,0.001892851934510852,Load Case 1,4.0,1.1901703493250957,0.7132390934845827,1.1326816384876666,1.818950192861012,1.2138102724570363,1.510794328504311,0.13460173811466397,0.5503547554355507,0.3620747894676647,0.3052100225012477,,86.03051265492324,4.0,27.664603250086532,4.0,0.001793865280024639,4.0600000000000005,0.0006369439919551301,52.912862102708495,2.49,44.979611864128834,2.49,0.001892851934510852,3.8200000000000003,0.0007069369004731159
11,True,0.2731640185753446,0.0,0.2731640185753446,76.70965391385522,0.0004426308008627024,Load Case 1,0.0,1.3721397400910536,1.5430578711477119,1.339485368710749,1.2723524666710007,1.8672626444661828,1.8263674758757666,0.1690343585825087,0.5581346753116936,0.24973652196167806,0.6377037827455905,,31.026081836749455,0.0,76.70965391385522,0.0,0.0004426308008627024,3.83,0.00019023905357786914,23.126467939154,0.0,102.91238620016713,0.0,0.000298356865097351,3.5,0.0001413710701562903
12,True,0.25448614375077994,0.0,0.25448614375077994,73.5595476409018,0.0005685285401290136,Load Case 1,4.0,1.3990070640736347,1.0989956734706672,1.564788174932179,1.1342241431624158,1.837020403268451,1.9530493130030653,0.1659678208280744,0.13743318266540344,0.5051957035428468,0.3238020139068299,,32.35473947744389,4.0,73.5595476409018,4.0,0.0005685285401290136,3.7600000000000002,0.0002463909755588486,27.236830571992698,2.49,87.38167951330303,2.49,0.0005342125932659627,3.5500000000000003,0.00023410882068210072
13,False,inf,inf,inf,0.0,inf,invalid,nan,1.0086695832855646,0.8909644870044706,0.7749212025462132,1.1302151673476029,1.1022266372677425,1.0518956406713977,0.17858548481492592,0.6855789542803689,0.3265922479845676,0.23894789234987576,Web openings are too large; keep a remaining ligament larger than the wall thickness.,,,,,,,,,,,,,,
14,True,0.19921440436960752,0.0,0.19921440436960752,66.80268396321294,0.0006107941687891652,Load Case 1,0.0,1.0732347689376192,1.2202086496052145,1.1871901771549003,0.8424777575311815,2.097325707763855,1.2953537470125625,0.13894695113299732,0.225341807151397,0.5795939033282412,0.018159258984800794,,35.627311042032744,0.0,66.80268396321294,0.0,0.0006107941687891652,3.75,0.00030384996438679327,34.371972296276134,2.49,69.2424624192383,2.49,0.0006001100794628036,3.4,0.0003006843380443208
15,True,0.22333411249979446,0.0,0.22333411249979446,55.08225659202994,0.0007663579995016246,Load Case 1,4.0,1.288890667518101,1.0301877923343183,1.1165901010679704,1.8656859697333947,1.5729285793842196,2.008151255292781,0.14117269759555812,0.04922788227882052,0.31222892039032746,0.3874804645826077,,43.20810633499665,4.0,55.08225659202994,4.0,0.0007663579995016246,3.99,0.0002744796819042621,29.21604459391778,2.49,81.46208814643822,2.49,0.0007577152981548015,3.74,0.0003077231632987547
16,True,0.12320471825345324,0.0,0.12320471825345324,26.404051232061928,0.0024389977001609154,Load Case 1,4.0,1.4489036131157365,1.3720782895576304,0.7412338382697772,0.9850998061350822,1.0695045648240056,1.1247463139077136,0.10892387012608498,0.6332699091768699,0.6013340016501539,0.5691854983566838,,90.13768300487207,4.0,26.404051232061928,4.0,0.0024389977001609154,4.03,0.0009511116381394347,47.1080599010043,2.49,50.52214005419613,2.49,0.0008699827766978503,3.88,0.00036223556678649516
17,True,0.18354740930437172,0.0,0.18354740930437172,49.138669590666176,0.0012047499128098687,Load Case 2,2.49,1.3918062492239005,0.7007820106686657,1.5031784962829908,1.9392170039342964,1.917211645526528,1.537869059154885,0.13344231352176822,0.45924224615250764,0.5713977463185084,0.2264107871985127,,47.515407474003354,4.0,50.08901589031193,4.0,0.0007030426957224626,4.0600000000000005,0.0002656536684795315,48.434359737978696,2.49,49.138669590666176,2.49,0.0012047499128098687,3.79,0.00045198530190531896
18,True,0.11526942178080153,0.0,0.11526942178080153,27.212823186878182,0.0020436207251440797,Load Case 1,4.0,1.3172398323658812,0.8600359606905504,0.7075670009424835,1.3819785630351133,1.283907628598187,1.27152070362118,0.1101799896121719,0.589741375115958,0.5599851344084534,0.3787247116816922,,87.45876837753526,4.0,27.212823186878182,4.0,0.0020436207251440797,4.11,0.0007962326464872743,59.936361657413656,2.49,39.70878335264471,2.49,0.0017303306020395202,3.99,0.0006735784112412921
19,True,0.20494399668671598,0.0,0.20494399668671598,42.05078828374319,0.0013793235629272192,Load Case 1,4.0,0.7910812349912898,1.3215509151872662,1.4654170090057665,2.1635004723829043,1.1502026123158173,1.1829509023595979,0.13640077696156744,0.3572013588512417,0.09072071237177882,0.40302535190394306,,56.59822555383835,4.0,42.05078828374319,4.0,0.0013793235629272192,4.18,0.0005347342535312345,39.306883533263345,0.0,60.549191033828244,0.0,0.000702995642419064,3.43,0.00033905854966593857
20,True,0.18545116027554856,0.0,0.18545116027554856,30.757564345639004,0.0017538712013055306,Load Case 1,4.0,0.9214400628819011,0.938336841048776,1.5678737962087905,1.2834735210687147,1.1408669977445207,2.1856445391800223,0.13232668935001313,0.14625654128010065,0.2665946233253736,0.354510992832529,,77.37933905476658,4.0,30.757564345639004,4.0,0.0017538712013055306,3.7600000000000002,0.0006834595373407456,49.06646383630376,2.49,48.50563529379639,2.49,0.001362446708207457,3.4,0.0006240504778248172
21,True,0.3040540029742126,0.0,0.3040540029742126,70.40826931162444,0.0009140004586324043,Load Case 1,4.0,1.5098958479021398,1.5874380896501885,1.5365711761221188,1.0875457017597694,1.332594681338799,1.1323344042227992,0.18431229019065534,0.0632555226616897,0.21372382554326383,0.04350527177962365,,33.80284763805522,4.0,70.40826931162444,4.0,0.0009140004586324043,3.98,0.00036171854174370883,17.76031450231326,2.49,134.0066359573761,2.49,0.0003206377759608735,3.56,0.00014560993510512535
22,True,0.1536473193454072,0.0,0.1536473193454072,42.26160919970999,0.0013505140580165678,Load Case 1,4.0,1.3570772040089978,1.0900023777318273,0.8693756170794381,1.4847705078528037,1.444249596082896,1.3043340438209263,0.10585303222412894,0.5079501235198919,0.14041157172622143,0.16852496464846092,,56.315886807649825,4.0,42.26160919970999,4.0,0.0013505140580165678,4.11,0.000539940303784887,37.17360081874341,2.49,64.0239295516396,2.49,0.00098805294072672,3.87,0.00039489476440857584
23,True,0.19776754489838985,0.0,0.19776754489838985,60.31508587368745,0.0009576359683827708,Load Case 2,2.49,1.0576256389787446,0.9542186479404351,1.408551515456957,1.0180254133422464,1.7346937120833248,0.8539361973193973,0.15261347781300533,0.47238721878480155,0.2954894712622816,0.1884817926852336,,37.72208523762007,0.0,63.0930126213287,0.0,0.0009576359683827708,4.01,0.00041051429176710945,39.45944808872897,2.49,60.31508587368745,2.49,0.0009448522844699461,3.49,0.0004334687854531966
24,True,0.24671478298194888,0.0,0.24671478298194888,40.115223651433254,0.001769626167905263,Load Case 1,4.0,0.7190321066768043,1.2922035859396122,1.4522316074841113,1.6962476807555251,1.0023030841714131,0.8909619014815923,0.19924955632707841,0.4739863866487194,0.23194031127475828,0.08285636208878956,,59.32909711984034,4.0,40.115223651433254,4.0,0.001769626167905263,4.2,0.0007092812213467699,53.16887874417124,0.0,44.7630278504023,0.0,0.0007255581968268009,3.34,0.00036752460844975243
25,False,inf,inf,inf,0.0,inf,invalid,nan,1.4310343100969338,0.8217165102421806,1.0565690477442027,0.7684796832538655,0.7013141670216926,0.9541133392728429,0.17132030506539336,0.5038081812698094,0.6210442228927388,0.09376937805667364,Web openings are too large; keep a remaining ligament larger than the wall thickness.,,,,,,,,,,,,,,
26,True,0.21134522804432546,0.0,0.21134522804432546,27.861102385106392,0.0016132930423964791,Load Case 2,0.0,0.7080463015945455,1.414797319581241,1.3254767746410923,1.7753041954807838,1.0936285935407115,0.8041163090050885,0.1647702872545456,0.6647300928586115,0.2224474529069697,0.011721847671238234,,52.921192880139415,4.0,44.97253123886368,4.0,0.0016132930423964791,4.29,0.000698968979622426,85.42375556798743,0.0,27.861102385106392,0.0,0.00065300994052583,3.35,0.00033771160188765986
27,True,0.3160050057976782,0.0,0.3160050057976782,104.34888788195548,0.0004362371849208819,Load Case 2,0.0,1.1023215045275871,1.5769220094539476,0.9465954309070556,1.5551742016509447,1.810816906889555,1.6057186372313228,0.18911228479366546,0.42810143621147223,0.005156550291470606,0.48985794322347587,,20.267156977727492,4.0,117.43136951154477,4.0,0.0004362371849208819,4.0,0.0001745005707756795,22.808101248691518,0.0,104.34888788195548,0.0,0.0003149180223817028,3.5300000000000002,0.00015320324105427033
28,True,0.15876347265281837,0.0,0.15876347265281837,32.462763720384125,0.0017204605625495916,Load Case 1,4.0,1.5473148051071512,1.17925898448159,0.7954474249329323,1.997974275269907,1.2668735354746152,0.7538220292373404,0.1285710668256398,0.3958777598978134,0.6535451192504521,0.2068193155186253,,73.31476828343924,4.0,32.462763720384125,4.0,0.0017204605625495916,4.5,0.0008427636019854925,36.14815118967274,2.49,65.84015839459995,2.49,0.000834403703760333,4.16,0.00036910836298843785
29,True,0.13436356841620825,0.0,0.13436356841620825,40.902528150462174,0.0015817057295904233,Load Case 2,2.49,0.8845455845268679,0.8413628427067696,1.009252645918676,0.7918125900371615,1.934873331017342,0.7786682579035039,0.11563043374145773,0.17537076524193734,0.5216470776749014,0.10013940247325852,,45.970648654494056,4.0,51.77216484125753,4.0,0.001173704519337851,3.97,0.0005463446250656577,58.18711232824143,2.49,40.902528150462174,2.49,0.0015817057295904233,3.49,0.0007503721402448364
30,True,0.2053762314620301,0.0,0.2053762314620301,48.893263368907526,0.0007564855213253312,Load Case 1,4.0,0.7631919868009063,1.3388381313781093,1.2689936695291006,1.9363488146254313,1.5216083885010103,1.556085866922162,0.15396668769201613,0.07674190805880891,0.6700352189438543,0.6162756402798503,,48.67746261979933,4.0,48.893263368907526,4.0,0.0007564855213253312,4.0600000000000005,0.00028716885707323267,33.47632460855023,2.49,71.0950209687034,2.49,0.0005901571924893066,3.36,0.0003000679761650981
31,True,0.1546057250672389,0.0,0.1546057250672389,36.71785533672204,0.001505950453109172,Load Case 1,4.0,1.5389349693333427,1.1146275500597658,1.2318365208582076,1.1930872608441505,1.2557500280568668,1.7307946411610216,0.1177382837226139,0.6959614918483468,0.30026737476422244,0.6457521083090185,,64.81860060110125,4.0,36.71785533672204,4.0,0.001505950453109172,3.89,0.0005755930069694229,38.47036120400534,2.49,61.86580852150164,2.49,0.0008430688651434266,3.73,0.00034296451472976144
32,True,0.11802709381027986,0.0,0.11802709381027986,16.959700924344542,0.0030684952179991795,Load Case 1,4.0,1.0383478775439152,1.1659053962627093,1.0679389376747976,0.9740458053803154,0.9506770882122058,2.127503875483236,0.09817359346330956,0.02059578574042504,0.6954536035759883,0.41151950221725536,,140.33266333038134,4.0,16.959700924344542,4.0,0.0030684952179991795,3.73,0.001233378764689716,58.93805442309466,2.49,40.381380473044686,2.49,0.0013588265065662608,3.48,0.0006234976870352756
33,True,0.17471649581270343,0.0,0.17471649581270343,36.286936541995374,0.0015801682007162685,Load Case 1,8.0,1.208339344292006,1.388112619080489,1.3164407426442568,1.3193188260559063,1.193322253448446,1.089888852796963,0.1233572082560387,0.2916524793179506,0.17978177708606297,0.6826328108169488,,65.58834188842569,8.0,36.286936541995374,8.0,0.0015801682007162685,4.07,0.0006191146880676901,30.48668280723726,2.49,78.06687316715907,2.49,0.0006412174197001628,3.58,0.00028984257908860027
34,True,0.09583581375699632,0.0,0.09583581375699632,15.550665556116646,0.005751664651733468,Load Case 1,4.0,0.9669583222442423,1.0234578782787582,0.8994554680442775,0.818505458475072,0.8264206113758545,1.215621189967397,0.08681984833315541,0.38494032816572143,0.19761983165172634,0.2640557734664872,,153.0481117616126,4.0,15.550665556116646,4.0,0.005751664651733468,3.85,0.0022546359184374963,75.57787220785463,2.49,31.490698672417142,2.49,0.0022604988590016807,3.56,0.0010161283079657593
35,True,0.16167934062550043,0.0,0.16167934062550043,41.81110889054564,0.0007235492936935616,Load Case 2,0.0,0.9288716650742518,1.2656888585044594,1.3694905688677892,2.1903174215153993,2.176140810415187,1.6269535090164393,0.08092689376513404,0.49447695299427274,0.05224847123094575,0.030871335976652918,,35.360389428743936,4.0,67.30695103898752,4.0,0.0005931300448996024,4.08,0.00023999068144047505,56.922671107107796,0.0,41.81110889054564,0.0,0.0007235492936935616,3.43,0.00034965680579129057
36,True,0.1523466013196855,0.0,0.1523466013196855,28.544689581499117,0.0007292202420479607,Load Case 1,8.0,1.2781825164474911,1.3022553292014196,1.3555307918276158,1.2482701910664669,2.074805341249147,0.9854040903546144,0.09650385179985747,0.6227176067912761,0.15594346380223773,0.6604279993306644,,83.3780305511736,8.0,28.544689581499117,8.0,0.0007292202420479607,4.1,0.0003316215800624068,45.20783379612002,0.0,52.645743008466475,0.0,0.0006014950093786357,3.5500000000000003,0.00027856447235193765
37,True,0.10376316997475672,0.0,0.10376316997475672,14.634964140292833,0.005632727977324111,Load Case 1,4.0,1.5583804675616322,1.195164533452873,0.8227336185046643,2.127290168888136,0.7612709106269067,0.733314413226882,0.08362665515218323,0.4541100226948526,0.3675784196343897,0.5359119929410143,,162.62424541563504,4.0,14.634964140292833,4.0,0.005632727977324111,4.43,0.0024474108856918295,44.90564646277174,2.49,53.00001642272533,2.49,0.0014247066539215874,4.18,0.0006078635701669763
38,True,0.14640331300263096,0.0,0.14640331300263096,16.702013688767252,0.004821198563359553,Load Case 1,4.0,1.2476336417853369,0.8974190135974963,1.2223420218088439,0.7111483057711206,0.8122926755337742,1.394685621401941,0.13026901860852436,0.20428419984468446,0.44676899266179754,0.048751433414209934,,142.49778765303262,4.0,16.702013688767252,4.0,0.004821198563359553,3.7600000000000002,0.0019259862650604209,59.20539531079372,2.49,40.19903908261048,2.49,0.001848607326060227,3.64,0.0007635963619431591
39,True,0.12104163189451236,0.0,0.12104163189451236,30.49555007170513,0.0020396706295944225,Load Case 1,4.0,0.9904247306679519,1.3825599538883895,1.0457876572828613,2.070833238611628,1.1210000313448667,1.0584951797135425,0.09242234765293691,0.6714027099344289,0.2775310279244755,0.5612276288591175,,78.04417347461622,4.0,30.49555007170513,4.0,0.0020396706295944225,4.26,0.0008454352570566245,73.00875134421595,0.0,32.59883173154081,0.0,0.0008728827227398235,3.68,0.0003870304203917579
40,True,0.20779854615831483,0.0,0.20779854615831483,37.20367970983184,0.001497096233495921,Load Case 1,4.0,0.9978693312449184,0.7712237844450233,1.0973875984217014,2.1164121426092124,1.3631369745762072,1.4281904838590815,0.15880053853466297,0.052863834019273075,0.4868053035027387,0.12480391276271391,,63.97216669325953,4.0,37.20367970983184,4.0,0.0012307452053286153,4.13,0.00046150351310668067,44.39534156950337,2.49,53.60922826269909,2.49,0.001497096233495921,3.75,0.0005905289818704386
41,True,0.16804917039187592,0.0,0.16804917039187592,45.1764533402274,0.0009570687815602357,Load Case 1,4.0,1.139591768969407,1.1264975351729456,1.174140252004649,1.8913172106751182,1.5269628303993106,1.6519206231837062,0.11727101795724784,0.32637236376650836,0.47496692873252805,0.3331697928702677,,52.6823117803435,4.0,45.1764533402274,4.0,0.0009570687815602357,4.05,0.00035623984056499733,38.789620270693675,2.49,61.35662023477288,2.49,0.0008014723107917587,3.65,0.00034361712422901927
42,True,0.1496626784154492,0.0,0.1496626784154492,24.698252527918854,0.0029990679037320764,Load Case 1,4.0,1.1702136803333214,0.979700203605349,0.868226661606289,0.752022515501456,0.9826760507714156,1.3896853794384931,0.14966713764663903,0.5710574235336845,0.5420837486396984,0.29018469514083906,,96.3630927860039,4.0,24.698252527918854,4.0,0.0029990679037320764,3.7800000000000002,0.0012413940024606671,55.21293341918682,2.49,43.10584228391922,2.49,0.0014506492870795928,3.67,0.0006189285237747696
43,True,0.3241447457186109,0.0,0.3241447457186109,100.53750177693536,0.0005240697795027866,Load Case 2,2.49,1.1572319098839692,1.0453067962313252,1.456266006079245,2.0646328207745315,2.146767623652556,1.7389660826048858,0.172682179307226,0.10538772252034477,0.2017811702803953,0.07404669499410296,,22.42740138130419,4.0,106.12018572887374,4.0,0.0003577521900519283,4.04,0.000138787570559077,23.672758502399983,2.49,100.53750177693536,2.49,0.0005240697795027866,3.5700000000000003,0.0002284920120815413
44,False,inf,inf,inf,0.0,inf,invalid,nan,1.1137571649439921,1.478218528041093,0.8492674233709293,1.5197307458772855,0.7256821406456812,1.0983736626644767,0.1923914244776348,0.2857550947708263,0.49787259486511926,0.6488120581460795,Web openings are too large; keep a remaining ligament larger than the wall thickness.,,,,,,,,,,,,,,
45,True,0.1474124420225748,0.0,0.1474124420225748,16.758726007275946,0.0026343996281445064,Load Case 1,4.0,0.7275084206466331,0.987491001340489,1.5789993173452506,2.0895012058637055,0.8841433191672179,2.042962972724851,0.11181465216553062,0.003008730788092454,0.6236729398452803,0.44917416231421514,,142.01556842487324,4.0,16.758726007275946,4.0,0.0026343996281445064,3.97,0.0008614491205164268,59.74323421688241,2.49,39.8371469371749,2.49,0.0016107213549091583,3.45,0.0007314286837494724
46,True,0.1402829545856776,0.0,0.1402829545856776,44.12214700621927,0.0011947150210886866,Load Case 1,4.0,1.0187213850741172,1.5147281874843033,0.9186208605621103,1.6194236477591308,1.5030458650007112,1.4766654026972161,0.08293915145252635,0.10152357360808799,0.25404221250235554,0.13502441403771248,,53.94116473218144,4.0,44.12214700621927,4.0,0.0011947150210886866,4.05,0.0004699384687711309,36.411383176793784,2.49,65.36417439689177,2.49,0.0007128667735459748,3.56,0.00033997565825601725
47,True,0.2637148207828652,0.0,0.2637148207828652,69.52642805301696,0.000467248157535949,Load Case 2,0.0,0.7458597272101836,1.4294650019965016,1.113798807974919,1.8537838511299647,1.7954144874527354,2.1126446352903225,0.16063318494437595,0.234951295713666,0.4157708098554097,0.1404483924445423,,27.961382316538774,4.0,85.11739416374499,4.0,0.000467248157535949,3.9,0.00018510380281239986,34.231587421478714,0.0,69.52642805301696,0.0,0.00046686290868805673,3.2600000000000002,0.0002514798586339404
48,True,0.2220250786119464,0.0,0.2220250786119464,63.012923795169336,0.0008988744038995733,Load Case 1,4.0,1.4392941841446862,0.7888700062871282,1.2514187307274547,1.5922631743483229,1.9898628105975993,1.7550923137081524,0.16359539992892658,0.2722907297022667,0.6091752754502796,0.3114746600110921,,37.77002964878221,4.0,63.012923795169336,4.0,0.000556791844678014,3.99,0.00020987071659284116,36.70069462235277,2.49,64.84890884191732,2.49,0.0008988744038995733,3.81,0.0003438119763621067
49,True,0.14716866151356917,0.0,0.14716866151356917,42.0541866738183,0.0013760163001509235,Load Case 2,2.49,1.205625655335051,0.7309844135521344,0.8362611785589715,1.3959250373843894,2.0592493426777057,1.3699559790694775,0.14191775500880083,0.5790827723540442,0.5929157398066268,0.6700740358603783,,42.573505841004334,8.0,55.90331247063337,8.0,0.0007279052741639457,4.09,0.00030391660681143746,56.59365186300745,2.49,42.0541866738183,2.49,0.0013760163001509235,3.88,0.0005339898356782474
50,True,0.113724960151838,0.0,0.113724960151838,18.202363427020355,0.0024870079312728677,Load Case 1,4.0,0.9729006470223871,1.130296009712818,1.1672282282273088,1.611603903726063,1.0229004523759058,2.0628563244226457,0.0879020406657857,0.5637591206388358,0.643932764871348,0.058955513365618085,,130.7522514613145,4.0,18.202363427020355,4.0,0.0024870079312728677,3.9,0.0008878761150819182,74.01889777264178,2.49,32.15395083712899,2.49,0.0013873441690287513,3.5300000000000002,0.00061843893045362
51,True,0.16765580567733454,0.0,0.16765580567733454,51.01122673530907,0.0009487898945598495,Load Case 1,4.0,1.5987302540527693,1.1474550339900753,1.210114029044121,1.2367437353669835,1.617029816222861,1.461898533342791,0.12019476916949404,0.5337819182292779,0.4554376158251882,0.4347006834017019,,46.65639609785361,4.0,51.01122673530907,4.0,0.0009487898945598495,3.98,0.00036961596133226797,35.05357457455105,2.49,67.89607133898076,2.49,0.000672391494951047,3.77,0.0002735721493208358
52,True,0.23615151938855478,0.0,0.23615151938855478,28.38710317865622,0.0019184040394568296,Load Case 1,4.0,1.349387697641854,0.9980697579838099,1.392908812577303,1.3620813059606403,0.9401304712478777,1.95926776130712,0.1937137771306673,0.2629504461883732,0.34446749428847684,0.6916100311409875,,83.84089017541888,4.0,28.38710317865622,4.0,0.0019184040394568296,3.89,0.0006758988164379935,32.46444351401479,2.49,73.31097478915855,2.49,0.0009174485806244968,3.68,0.00036613009186793686
53,True,0.12808187958307896,0.0,0.12808187958307896,20.61778488252408,0.0024098784504249923,Load Case 1,4.0,0.8703973406509073,1.460393037986485,1.0933745864855573,1.7177246611677353,0.8582557354727277,2.083563238520262,0.10344543164169186,0.6788596162700214,0.549482915158902,0.5225984263820863,,115.43432107574858,4.0,20.61778488252408,4.0,0.0024098784504249923,3.92,0.0008379647914239968,81.03510214582157,0.0,29.369988276404246,0.0,0.0008709765356623196,3.44,0.00041813402201585677
54,True,0.11142593158298082,0.0,0.11142593158298082,21.955387838296694,0.0023287174253620695,Load Case 1,8.0,0.8463639477544369,0.9695201935783875,1.4770044004857557,0.7943801679571642,1.4196986148873845,0.7085406080210735,0.09117319314877287,0.37145839401313263,0.16530381356825366,0.5836854816060996,,108.40163779063722,8.0,21.955387838296694,8.0,0.0023287174253620695,3.92,0.0010269611049298574,64.65305355402117,2.49,36.81187305424607,2.49,0.001750323107077376,3.3200000000000003,0.0008739646430771338
55,True,0.1446376248827946,0.0,0.1446376248827946,35.0606876806077,0.0011459360062560024,Load Case 1,0.0,1.5177512257751884,1.0099578893657664,0.8014954091656453,0.8858294182483565,1.7029563678143358,1.0294507672717024,0.12410828562866952,0.5969524570202688,0.4357885607152037,0.5949463334527296,,67.88229659615017,0.0,35.0606876806077,0.0,0.0011459360062560024,4.08,0.0005015013156527224,39.987094005937095,2.49,59.51920386229189,2.49,0.000963049512543934,3.96,0.00039285808654224326
56,True,0.19884913747577201,0.0,0.19884913747577201,45.09980563256179,0.0005695821936418876,Load Case 1,8.0,0.7399280684907987,1.5324488321576286,1.3815230527377955,1.4244685247441593,2.124478388710399,0.7721890320486975,0.1219338802226067,0.25340054633558434,0.2868546611963546,0.36313722870182563,,52.77184605606491,8.0,45.09980563256179,8.0,0.0005695821936418876,4.22,0.00028754298157724397,39.552874220908414,0.0,60.172618220040405,0.0,0.00048602015248483914,3.17,0.0002799585816137874
57,True,0.2507984866127091,0.0,0.2507984866127091,63.241209273037384,0.0005156092424460758,Load Case 1,4.0,1.3757099153542427,1.5586961525230711,1.2920772369469495,1.7917197706106363,1.6593643827343751,1.77731724581841,0.16806842796156363,0.5333616029350977,0.6593435034364499,0.3462656591355793,,37.63368897208458,4.0,63.241209273037384,4.0,0.0005156092424460758,4.0,0.00019239919900753983,27.25671125244517,2.49,87.31794448556198,2.49,0.0003089333620873489,3.61,0.0001382654362087283
58,True,0.21493285321807537,0.0,0.21493285321807537,61.18897370209691,0.0011789043870004741,Load Case 2,2.49,1.2221972847265725,0.7513787648536225,0.7336126076639432,1.0741348868508012,2.130968946807286,1.6742950626025974,0.1792126987884803,0.03131996000997576,0.6363976212570842,0.27511122121784193,,33.686698785786305,4.0,70.65103099399613,4.0,0.0005679247962540671,3.9,0.00024518301136025746,38.89589669516616,2.49,61.18897370209691,2.49,0.0011789043870004741,3.89,0.00046357903254101214
59,True,0.2159223119337939,0.0,0.2159223119337939,48.06851248190606,0.0013333174773416472,Load Case 1,4.0,0.8196188576808365,0.9195025511054103,0.9476816588509083,1.2097548550447943,1.350365376498863,1.3273178445625216,0.17626394430524656,0.44095815402048577,0.08679661581565488,0.06241636070087433,,49.51266176368322,4.0,48.06851248190606,4.0,0.0013333174773416472,3.94,0.0005256306648798999,43.81569712000114,2.49,54.318432809176265,2.49,0.0013265862855293552,3.49,0.0006174021358309279
60,True,0.31848570469987203,0.0,0.31848570469987203,124.67272414556508,0.0004161415754912067,Load Case 2,8.0,1.4692448541017256,1.234920889485037,0.7525415578930151,1.7480575056273147,2.1904852922294618,1.692570932882683,0.1733723290333326,0.18869047608764924,0.009050498519867905,0.39548387212896924,,19.001752888889527,4.0,125.25160251881839,4.0,0.0003478222750710687,4.12,0.000147079773534127,19.089981520105113,8.0,124.67272414556508,8.0,0.0004161415754912067,3.96,0.0001778497621321342
61,True,0.2920237259227481,0.0,0.2920237259227481,67.01806355530704,0.000653302081223679,Load Case 1,4.0,0.940759970033469,1.497201627645301,1.023154275012375,2.0404408902421345,1.3769341257842438,1.9783593973035858,0.1852413674516824,0.16664583036589953,0.38053333204366857,0.2296004074485868,,35.51281361682275,4.0,67.01806355530704,4.0,0.000653302081223679,4.01,0.00023288087018073517,21.87394478692327,2.49,108.80524858153692,2.49,0.00040464124069071943,3.5,0.00019430035699437886
62,True,0.221496760058935,0.0,0.221496760058935,61.23801145119893,0.0008313695811379753,Load Case 1,4.0,0.9482291873903036,1.0708014461097222,1.1526921978653557,1.3073401807010945,1.590956988238955,1.7079816827507865,0.15773578345673267,0.1493069240206274,0.3515923978928034,0.24900572603196694,,38.864749909402946,4.0,61.23801145119893,4.0,0.0008313695811379753,3.86,0.00034000469882038603,34.71400582042581,2.49,68.56022356830977,2.49,0.0008247208509779717,3.45,0.0003896326630511922
63,True,0.13686115241721028,0.0,0.13686115241721028,39.18698673139086,0.0012096385090023811,Load Case 1,4.0,1.0637076711419038,1.0554168235802173,0.7897592842972576,1.679757732221737,1.5624670344353073,1.7891128913763585,0.09025828501649293,0.03868179294602108,0.3200793261018857,0.2831948499461369,,60.73444779803632,4.0,39.18698673139086,4.0,0.0012081620136366112,4.01,0.0004481391086428189,45.03476219844946,2.49,52.848064113502595,2.49,0.0012096385090023811,3.72,0.0005161994424654343
64,True,0.13278610475928904,0.0,0.13278610475928904,19.373361503774387,0.002708588675326237,Load Case 1,4.0,0.8271107792641312,0.8766394297473522,1.543832922564207,2.152986894057044,0.968530457680338,1.4361450744332223,0.10711913460397354,0.3599399960440642,0.3912303973882143,0.5115770174795811,,122.8490987243654,4.0,19.373361503774387,4.0,0.002708588675326237,4.07,0.0009325528304921643,62.37189501841111,2.49,38.158212112963135,2.49,0.0018576077378258267,3.56,0.0007913328813761143
65,True,0.2311627143782499,0.0,0.2311627143782499,42.57672859967915,0.0019292264161677914,Load Case 1,4.0,0.8589659713390366,1.2557461253065414,1.5302707186471762,1.0215266139635775,1.0517722677374608,0.9357379452345311,0.18758752528277278,0.34761264778557094,0.022394477587722558,0.5963734768729838,,55.899080983359895,4.0,42.57672859967915,4.0,0.0019292264161677914,3.95,0.0007587836592425039,33.38603563861366,2.49,71.28728986460844,2.49,0.0007918128256913767,3.2800000000000002,0.0004049960043496552
66,True,0.2903119571287289,0.0,0.2903119571287289,103.25207787569659,0.0004082756446799195,Load Case 1,4.0,1.455357215019423,1.4990678269453759,1.1995149611549962,1.1749958845135986,2.0087878722157106,1.5000052526837275,0.1811702315035462,0.25737755848128296,0.5134465306410425,0.1929346972587513,,23.05038357547866,4.0,103.25207787569659,4.0,0.0004082756446799195,3.91,0.0001765762669273828,19.69106709409807,2.49,120.86698951492316,2.49,0.0002921569320328111,3.6,0.00013402311725285439
67,True,0.16030873571387536,0.0,0.16030873571387536,47.8594647043902,0.0008210267747424415,Load Case 1,4.0,1.3034884668962439,1.5502336668307597,1.4387143929206454,1.1684435253467873,1.730319212346026,1.9231718619704443,0.09402081993549136,0.2006480510225464,0.5685584897151542,0.1509625733459821,,49.72893062428423,4.0,47.8594647043902,4.0,0.0008210267747424415,3.77,0.00035662203929437343,34.93431845727558,2.49,68.12784977931437,2.49,0.0004973690409241444,3.43,0.0002398234740160445
68,False,inf,inf,inf,0.0,inf,invalid,nan,1.1351472534971676,0.9033991754818835,1.4920320951236477,1.9757731640035494,1.8909596808928035,0.846366822548879,0.19551224468598338,0.11866887017233003,0.41079740834423706,0.5497616342090007,Web openings are too large; keep a remaining ligament larger than the wall thickness.,,,,,,,,,,,,,,
69,True,0.2245070529207256,0.0,0.2245070529207256,72.97447813358589,0.000876943535831128,Load Case 1,4.0,1.5839265138184824,0.8337171746531461,1.143847832238734,1.662524874182025,1.9721100426030234,1.2506893012278977,0.14412661709397917,0.520199856181076,0.0544026130760811,0.4261406537349789,,32.614142106548684,4.0,72.97447813358589,4.0,0.000631621724343139,4.18,0.00026870484478038435,28.13418920118725,2.49,84.59458287497282,2.49,0.000876943535831128,3.92,0.00032410229648654364
70,True,0.19025110443666843,0.0,0.19025110443666843,22.399247221011965,0.002433819820999365,Load Case 1,4.0,1.3269737886006043,1.3146712765118465,1.0796581681764423,1.838175460402838,0.7784021745199893,2.176869723355145,0.12734079710216462,0.303117420961584,0.1064088288682295,0.4926867398710358,,106.25357077926279,4.0,22.399247221011965,4.0,0.002433819820999365,3.96,0.0007919239079746248,30.208732238659138,2.49,78.78516652725443,2.49,0.0007526307216148861,3.74,0.0003054202682633005
71,True,0.11570774862981352,0.0,0.11570774862981352,32.35554714866616,0.002175433679090921,Load Case 1,4.0,1.340078450121975,0.8072597852613084,0.975366725109474,0.9147632404595021,1.460850497563797,0.8143501333042324,0.09519319986362948,0.3185876160887294,0.18854565366580944,0.4449670936652756,,73.55771142006833,4.0,32.35554714866616,4.0,0.002175433679090921,4.12,0.0009457137606501756,53.48922099611747,2.49,44.49494600365844,2.49,0.0018789926321414298,3.86,0.0007337563917999202
72,True,0.2620950891606587,0.0,0.2620950891606587,39.62982942115651,0.0014804759371472827,Load Case 1,4.0,1.480026647253807,1.5916797751293674,0.9078440124209439,1.5333674458309194,0.9204970131004312,1.8531213739331187,0.1745157461047731,0.48721885369610746,0.12310869206200664,0.31628528457668936,,60.05577199707626,4.0,39.62982942115651,4.0,0.0014804759371472827,3.97,0.0005101420880339933,20.166672905393675,2.49,118.0164924162308,2.49,0.0004102878857679973,3.7800000000000002,0.00017139422568578295
73,True,0.14156040464671238,0.0,0.14156040464671238,20.32990353587211,0.0036065657543689184,Load Case 1,4.0,1.5765967185328793,1.0717665255116458,0.8306840904181059,1.9660134269166898,0.8945779185175768,0.9165703943608772,0.10198420999014754,0.010886361116478204,0.13642543944246424,0.6263877206109582,,117.06892734638365,4.0,20.32990353587211,4.0,0.0036065657543689184,4.34,0.001498298376131392,38.608641993767804,4.0,61.644229817360035,4.0,0.001333802847048829,4.13,0.0005456915524777554
74,True,0.2735269220471269,0.0,0.2735269220471269,59.36414020642769,0.0010232548719413407,Load Case 1,0.0,0.898651047644818,1.4318275873615094,1.280090759399263,0.8584024761633187,1.3032364269659849,2.02386154339478,0.19469558895724778,0.408603910574072,0.39424442125205406,0.11444687531680356,,40.091543341215676,0.0,59.36414020642769,0.0,0.0010232548719413407,3.5500000000000003,0.0004918433544451322,30.461450086389792,0.0,78.13153980687828,0.0,0.000537135658678368,3.17,0.00029529229878879704
75,True,0.2857481366317597,0.0,0.2857481366317597,61.62475540646049,0.0010322892035461257,Load Case 1,4.0,1.2289732919580576,0.7968007240343288,1.3006599839326636,1.761383822148566,1.6201447803931222,1.1570230863917863,0.19052388921072466,0.12541515666102349,0.03889897728191263,0.17850281141247332,,38.62084294375131,4.0,61.62475540646049,4.0,0.0008189775872603076,4.16,0.0003327771239086067,29.71515728151187,2.49,80.09380456756945,2.49,0.0010322892035461257,3.7600000000000002,0.0004021270563457854
76,True,0.26547142213899055,0.0,0.26547142213899055,60.179982228474245,0.0003957559129407188,Load Case 2,0.0,1.036721176721501,1.4066480974551827,1.422976090389555,1.4550342961050406,1.9545363284928214,1.8860240389792933,0.19820922732617555,0.6441307439969971,0.6858563391896245,0.4628628577911975,,29.257852879838417,4.0,81.34568212420187,4.0,0.0003957559129407188,3.8200000000000003,0.00016912706248812165,39.54803427764888,0.0,60.179982228474245,0.0,0.00035622620820544395,3.33,0.00018038078764721864
77,True,0.253660821399463,0.0,0.253660821399463,64.01324634747277,0.0006612508398982814,Load Case 1,0.0,0.90416587146797,1.465144080374707,0.9964242450756999,0.9575684948668174,1.773183427292556,1.3550689367205218,0.16206136022534462,0.432749858884982,0.07074552576803668,0.11111827009372494,,37.17980474042872,0.0,64.01324634747277,0.0,0.0006612508398982814,3.7800000000000002,0.0003150287072826602,33.49733013179776,0.0,71.05043866587908,0.0,0.0004860339289953019,3.29,0.00026476954009130733
78,True,0.15804800074867226,0.0,0.15804800074867226,18.02935480000911,0.0036442493624409345,Load Case 1,4.0,0.7845645961228334,1.2096333718003833,1.2449619341902785,1.565545110474709,0.7491267422136816,1.1905545350447202,0.1373869378330303,0.31326179784830654,0.5332645215184342,0.2139119017029196,,132.00694236705561,4.0,18.02935480000911,4.0,0.0036442493624409345,4.0600000000000005,0.001266418693413561,48.915152636340004,2.49,48.655679717369466,2.49,0.001179031172956325,3.48,0.0005514454231240126
79,True,0.26195393840741565,0.0,0.26195393840741565,87.12370688567349,0.0004943425132994421,Load Case 1,4.0,1.4975022891273289,1.4495206040456519,1.0314443005447291,1.6558119454590323,1.7676355814542735,2.0980944514358217,0.14784793428648108,0.39030751204551284,0.17067426236922545,0.3727989547576779,,27.31747861834107,4.0,87.12370688567349,4.0,0.0004943425132994421,3.94,0.00019039272848288329,19.936397734559893,2.49,119.37964078005187,2.49,0.00035987838149304906,3.72,0.00015446758282120683
80,True,0.15664696916457485,0.0,0.15664696916457485,48.59009207311376,0.0009247241270147895,Load Case 1,4.0,0.7779953657963234,1.1947492363436327,0.7650933610079984,2.0146520534740646,1.482435499868868,1.9031388661194026,0.12539408716445422,0.41808760211218504,0.4242703322787549,0.6803329029593946,,48.9811790522809,4.0,48.59009207311376,4.0,0.0009247241270147895,4.03,0.00034248273100864583,46.43105960741651,0.0,51.25879142374426,0.0,0.0008783601562733028,3.5500000000000003,0.0004159161420650048
81,True,0.10180362739572998,0.0,0.10180362739572998,16.049225496230637,0.004759271474271518,Load Case 1,4.0,1.0378565239224176,0.7965214554551686,0.8183269361918607,1.0172688647812542,0.8977726909723951,1.2936438660409502,0.10100817428358859,0.6927444740004387,0.1863763376576424,0.3332204573185146,,148.29376037859106,4.0,16.049225496230637,4.0,0.004759271474271518,3.94,0.0017449372433624428,77.56482931068254,2.49,30.684010022983664,2.49,0.0028825286688482265,3.75,0.0011659766356871075
82,True,0.08017970312010368,0.0,0.08017970312010368,11.274004957457862,0.009092575853132714,Load Case 1,4.0,0.7684938191746242,0.987715112285119,0.7378169581373034,0.747934650135111,0.7,1.1848358595848116,0.08,0.1427193070805501,0.19683494908707364,0.3212486673108531,,211.10510497208955,4.0,11.274004957457862,4.0,0.009092575853132714,3.8200000000000003,0.0035838686190594535,99.50452551757952,2.49,23.918510114190976,2.49,0.003295705265092289,3.48,0.0015562248495160818
83,True,0.10669461968825728,0.0,0.10669461968825728,16.947230438972934,0.00561551024724199,Load Case 1,4.0,1.0056557677602187,0.790358143451964,0.8760115714243913,0.7,0.9146983623477761,0.9040357769283478,0.10520879712347582,0.19534350165925637,0.118181532574835,0.21935243016233033,,140.43592600988063,4.0,16.947230438972934,4.0,0.00561551024724199,3.92,0.0022362215990669805,78.28206032106515,2.49,30.40287890020645,2.49,0.00304663081181611,3.69,0.0012788738571552852
84,True,0.12029967680951824,0.0,0.12029967680951824,20.69707123663936,0.0036946079871828857,Load Case 1,4.0,0.8087105251200724,0.9502318326810885,1.0161591619466825,1.0241660311672258,0.9708468593046115,1.3349361973338958,0.0999632206358414,0.2409521428263158,0.08610209736709919,0.19887954488072657,,114.99211520259749,4.0,20.69707123663936,4.0,0.0036946079871828857,3.87,0.00143196426046902,68.72432022038942,2.49,34.631117373990286,2.49,0.0021796089803454754,3.46,0.0010176787289967737
85,True,0.0914386980547065,0.0,0.0914386980547065,20.03185055417079,0.004079988743065566,Load Case 1,4.0,0.8028502662963775,0.8943510646552185,0.9506951952478349,0.9279566156192494,1.0963193127886843,0.9902582084167767,0.08,0.34311753297090797,0.10872510811395575,0.2157766801353303,,118.81079052401702,4.0,20.03185055417079,4.0,0.004079988743065566,3.95,0.0016190575224565313,84.19800508723407,2.49,28.266702964448868,2.49,0.002783508956425247,3.49,0.0012953163529374509
86,True,0.08342980403464761,0.0,0.08342980403464761,10.99332696825309,0.008996723586752253,Load Case 1,4.0,0.7121328411646479,0.9528057053665036,0.7,0.7,0.7,1.5605973069516645,0.08,0.15778035888112535,0.1625592820745197,0.2129839707027874,,216.49497071023598,4.0,10.99332696825309,4.0,0.008996723586752253,3.69,0.003728571453641216,108.49089643192038,2.49,21.937324497023443,2.49,0.0036457102988040374,3.4,0.0017742473236729134
87,True,0.12611239938392896,0.0,0.12611239938392896,21.061099963933277,0.003542876578693033,Load Case 1,4.0,0.8233078883292506,0.9647407257399216,0.892042700264036,0.9109291939506987,0.9162071395340059,1.6175501511368586,0.12624261123814898,0.48853458467039823,0.4147131816966046,0.4213764397955002,,113.00454411572538,4.0,21.061099963933277,4.0,0.003542876578693033,3.7600000000000002,0.0014303998756206554,68.43669847618283,2.49,34.77666300381632,2.49,0.0019539454553970143,3.45,0.0009180936615167534
88,True,0.08634819938617026,0.0,0.08634819938617026,21.79500083358246,0.0036043830231483904,Load Case 1,4.0,0.7676581553446347,0.8655477222870507,0.933376411784234,0.8867083211111848,1.1905803409798228,1.0353479913742651,0.08,0.3819693193344975,0.210561992741624,0.410849621609852,,109.19935347434432,4.0,21.79500083358246,4.0,0.0036043830231483904,3.9,0.0014900604787934433,88.61317632441184,2.49,26.85830819659197,2.49,0.002892936979397967,3.45,0.0013720328487185243
89,True,0.10576201011700827,0.0,0.10576201011700827,13.952027482302205,0.006198274671536938,Load Case 1,4.0,1.5337822414610602,1.1117995438606523,0.7697455825623576,2.2,0.7646659673542591,0.7,0.08,0.14578924968566204,0.2330467212573985,0.6337928320719914,,170.58452637216848,4.0,13.952027482302205,4.0,0.006198274671536938,4.47,0.002747787053829047,49.3968708003185,4.0,48.181189647030315,4.0,0.0017148165702012626,4.22,0.0007429531465273469
90,True,0.10009277966810065,0.0,0.10009277966810065,14.012376322680371,0.0053200341899668855,Load Case 1,4.0,1.4239078598805022,1.1426840178786404,0.9973467910601529,2.2,0.7684456049155175,0.8598522716334833,0.08,0.4564140298286843,0.3402322897218063,0.6161516100993646,,169.84984881884327,4.0,14.012376322680371,4.0,0.0053200341899668855,4.34,0.0021598060845765335,49.39771907964873,2.49,48.18036225847787,2.49,0.0015029775839754903,4.03,0.0005818317983189575
91,True,0.1321721919209473,0.0,0.1321721919209473,32.666908085014335,0.0018441906155036193,Load Case 1,4.0,1.6,1.1757121954608636,0.8380814254915521,2.2,1.2735217005969615,0.9671570108154783,0.0923873175591039,0.4457726757443158,0.2641324078022537,0.48190320872043463,,72.856604420784,4.0,32.666908085014335,4.0,0.0018441906155036193,4.4,0.0008315882403950314,35.276793625114635,2.49,67.46644905691215,2.49,0.0009679615957869933,4.12,0.00041107045064916505
92,True,0.13846123575951375,0.0,0.13846123575951375,17.248748250332753,0.004557226663893351,Load Case 1,4.0,1.6,1.1060467875553393,0.7,2.126780817626317,0.7603504037952998,0.8183098834268913,0.12123546378108385,0.46538419119858404,0.4028738523670959,0.7,,137.98102711332032,4.0,17.248748250332753,4.0,0.004557226663893351,4.41,0.0019400698500442529,48.79016421771359,8.0,48.78032361973329,8.0,0.0013196572336005828,4.2700000000000005,0.0005841665322118498
93,True,0.09230251346293794,0.0,0.09230251346293794,11.792033948259768,0.007654014341462919,Load Case 1,4.0,1.4452636061819841,1.1240390442738966,0.7,1.7670080751792214,0.7,0.7,0.08,0.23949947017602807,0.4350223938636249,0.5300188065148755,,201.83116928282192,4.0,11.792033948259768,4.0,0.007654014341462919,4.4,0.003296287633565778,54.04620625971144,4.0,44.03639338833969,4.0,0.0019230186345900403,4.19,0.0008397191949699456
94,True,0.09082745658056152,0.0,0.09082745658056152,13.731018573204276,0.0064082059001990335,Load Case 1,4.0,1.1466840994366172,1.158497452156754,0.7428061084701137,1.5263666339986366,0.7418584235797195,0.8468518086013322,0.08,0.36549337459165204,0.26296793714729993,0.5034058642787763,,173.33018576236637,4.0,13.731018573204276,4.0,0.0064082059001990335,4.26,0.0025825960791581865,58.44829748592658,2.49,40.719748946888764,2.49,0.0018414199262206748,3.95,0.0007473748384290331
95,True,0.1578245284354907,0.0,0.1578245284354907,19.633016336676334,0.004536688529964729,Load Case 1,4.0,1.6,1.5345651736630934,0.7,2.2,0.7,0.7,0.1165134071416731,0.41827918803474684,0.3054509825048954,0.34280048883132946,,121.22436813511607,4.0,19.633016336676334,4.0,0.004536688529964729,4.49,0.002047330264228625,26.949759587098225,2.49,88.31247612091455,2.49,0.0007499034603116411,4.3,0.0003652407389628364
96,True,0.10341987267136883,0.0,0.10341987267136883,15.021988822552439,0.0052723277933348755,Load Case 1,4.0,1.5090194097194178,1.1118978488679487,0.8263403465457098,2.1968015371646032,0.8172462514370368,0.7,0.0848220200659418,0.39471853732944645,0.44880627969527626,0.4380404195940941,,158.434414251921,4.0,15.021988822552439,4.0,0.0052723277933348755,4.46,0.002349793591622032,47.78729523364913,2.49,49.80403239738368,2.49,0.0015723121043621521,4.17,0.0006627242084378954
97,True,0.09858097178268209,0.0,0.09858097178268209,18.79445048893363,0.002692606699877314,Load Case 1,8.0,0.7324370203127747,0.9337303953153526,1.6,0.7,1.4081363376434166,0.7,0.08461174597733429,0.15041169343204108,0.3371717742586138,0.6193016751191643,,126.63312510261308,8.0,18.79445048893363,8.0,0.002692606699877314,3.81,0.0012629905082073712,77.94943815024007,2.49,30.532612632983682,2.49,0.002181612156492616,3.2,0.0011498253866220182
98,True,0.11321590070742865,0.0,0.11321590070742865,31.047871593734083,0.0014673382949155099,Load Case 1,0.0,0.7741271232313346,1.187858930168548,1.3629728312794445,0.7,1.7807052548252245,1.0445314778897075,0.08,0.3462047362859145,0.21539097663913245,0.38688951281785716,,76.65581818756037,0.0,31.047871593734083,0.0,0.0014673382949155099,3.66,0.0007678868255433755,57.12616244663504,2.47,41.66217190281773,2.47,0.0012771856601673831,3.15,0.0007188556782060748
99,True,0.09777436459204576,0.0,0.09777436459204576,14.246602866480137,0.0024788875631856695,Load Case 1,8.0,0.7786115986202006,1.0380246774434287,1.6,0.9524380199643692,1.3868558297632048,0.7,0.08,0.41941503868523644,0.24979614221479035,0.7,,167.05736955718336,8.0,14.246602866480137,8.0,0.0024788875631856695,3.99,0.0010383461807036282,70.55252142971577,2.49,33.733734128424445,2.49,0.0017610615842105935,3.2600000000000002,0.0009035454795665747
100,True,0.0960243669108514,0.0,0.0960243669108514,17.489061143182568,0.003531089683228259,Load Case 1,8.0,0.8809826461969731,0.951157341695407,1.4412637815024703,1.1148069029455732,1.1257250759972477,0.8229014022380697,0.08,0.24884298774771435,0.18182393360240826,0.7,,136.08506371582735,8.0,17.489061143182568,8.0,0.003531089683228259,4.05,0.0013880032278160148,72.50977044116243,2.49,32.82316280302163,2.49,0.0021242198589127813,3.45,0.000980797969480454
101,True,0.11952080669788044,0.0,0.11952080669788044,28.618183829906478,0.002025929635739493,Load Case 1,8.0,0.7,0.8606344759321551,1.5685175496958514,1.0455543297735024,1.530305665245119,1.0196452511034166,0.09757172242185523,0.47356872225049584,0.16149436735461645,0.6763913144920558,,83.16390774989922,8.0,28.618183829906478,8.0,0.0017438318797484717,3.86,0.0007492027118865173,70.64695691169726,2.49,33.68864143681092,2.49,0.002025929635739493,3.24,0.0010303605997628693
102,True,0.12861467863742337,0.0,0.12861467863742337,23.366864262470564,0.0010067001603264016,Load Case 1,8.0,0.7596846473306744,1.2257606393053844,1.427558274150435,1.1739316885424143,2.1094172458167666,0.7,0.08,0.4368043950477513,0.02179208606554478,0.5079487127956193,,101.85363227459275,8.0,23.366864262470564,8.0,0.0009710669107437783,4.12,0.0004770032837492135,66.10775583875403,0.0,36.00182716541081,0.0,0.0010067001603264016,3.21,0.0005506915226323143
103,True,0.08568518876621728,0.0,0.08568518876621728,18.238637002370172,0.004303434846509519,Load Case 1,4.0,0.7984083523613981,0.7,1.324993931703254,0.840228235875888,1.152500136600589,0.7942921996280222,0.08485526591568827,0.19432757562504951,0.3791190418271227,0.4881873332171911,,130.49220726804919,4.0,18.238637002370172,4.0,0.004303434846509519,3.93,0.0017407667201031125,103.87314066371138,2.49,22.912564160404415,2.49,0.00380071976892397,3.45,0.0017222460913326164
104,True,0.12706031412041469,0.0,0.12706031412041469,40.064349368387916,0.0014461504396255892,Load Case 1,8.0,0.7322785797592218,0.9850636991392245,0.9421056404433744,1.1873086388408576,1.653043429310729,0.897634617528364,0.11303684668037081,0.4680409724645274,0.3612189220540529,0.5198838379329249,,59.40443405472842,8.0,40.064349368387916,8.0,0.0013381107359890987,4.1,0.0005943651619091592,58.681342183400815,0.0,40.55803619081553,0.0,0.0014461504396255892,3.41,0.0007197297626461548
105,True,0.11226216566670075,0.0,0.11226216566670075,20.443077202788107,0.00199736529946462,Load Case 1,4.0,1.1302644857079203,1.2932366158471058,1.3508953513889952,1.6158195864234104,1.127813694870811,2.2,0.08,0.6807051225647611,0.6448186331416091,0.14225999478308493,,116.42082923188327,4.0,20.443077202788107,4.0,0.00199736529946462,3.87,0.0007321398118643153,72.29364276425052,2.49,32.92129029603858,2.49,0.0010252529520495142,3.5100000000000002,0.0004614732564097485
106,True,0.09202472751146408,0.0,0.09202472751146408,8.79028221719854,0.00552524316519017,Load Case 1,4.0,1.193747026091068,0.8923577472307258,1.0122362302896035,1.7152761870361848,0.7265249675361571,2.033050994461531,0.08,0.6109149065237685,0.7,0.05841795874935738,,270.7535368254087,4.0,8.79028221719854,4.0,0.00552524316519017,3.96,0.0017854591687522896,98.89813119950692,2.49,24.065166562134856,2.49,0.0025371516478788526,3.7800000000000002,0.0009682478460610313
107,True,0.1122699005885304,0.0,0.1122699005885304,22.629993691789778,0.0020511453032095854,Load Case 1,4.0,1.3100015197434076,0.9391591969511515,1.0732356050574552,1.863731629622953,1.226590642872239,1.8441251685976883,0.08,0.5963395201088371,0.429849716294289,0.0,,105.17015746511102,4.0,22.629993691789778,4.0,0.0020511453032095854,4.01,0.0007082752652467529,62.94419716872914,2.49,37.811269458567196,2.49,0.0015811887781187989,3.8000000000000003,0.000614767798861961
108,True,0.15802605453808213,0.0,0.15802605453808213,29.883912680215204,0.0015015848007647954,Load Case 1,4.0,0.9840202992379614,1.3636054675685176,1.348972884792303,1.320618518842362,1.1863045018589513,2.0884997364783775,0.11177396389965302,0.618933395743596,0.6253985892159571,0.013873792883540466,,79.64151232364198,4.0,29.883912680215204,4.0,0.0015015848007647954,3.79,0.0005954080519121709,55.14417017820999,0.0,43.15959406603688,0.0,0.0007809270282299878,3.36,0.00038227614338358693
109,True,0.14138092636210953,0.0,0.14138092636210953,23.429281239178394,0.0015945617257944952,Load Case 1,4.0,1.3618090772487759,1.479977012572272,1.1521401231990356,1.6467408754040669,1.1709261036558083,1.7299628712008515,0.0937327949350877,0.3069558114509056,0.7,0.033457001597390845,,101.58228823597752,4.0,23.429281239178394,4.0,0.0015945617257944952,3.99,0.0005623021839639385,43.11846147587926,2.49,55.196774618950336,2.49,0.0006669590264642632,3.68,0.0002857928550643096
110,True,0.10007129576289649,0.0,0.10007129576289649,13.40710436506975,0.003681641272682678,Load Case 1,4.0,1.0043832862907676,1.1757961392678853,1.2676542602934795,1.3388155612456898,0.8707848173033853,1.8443981076642855,0.08390892425335743,0.7,0.7,0.16305591314115403,,177.51782452001655,4.0,13.40710436506975,4.0,0.003681641272682678,3.87,0.0013355173424944567,91.82334148070234,2.49,25.919335559141928,2.49,0.0015286030828560756,3.49,0.0006897427377959208
111,True,0.10951088261474488,0.0,0.10951088261474488,10.94419726082744,0.004115236762439714,Load Case 1,4.0,0.990642959943179,1.3240924283665878,1.2379691219015492,1.9061089174630395,0.7,2.156013173668576,0.08,0.5899217901951447,0.66133895748217,0.0,,217.46684048895324,4.0,10.94419726082744,4.0,0.004115236762439714,3.95,0.0013402230081359335,73.81291035303549,2.49,32.24368187918395,2.49,0.0012735333531564822,3.56,0.0005584763895357839
112,True,0.09969522717379817,0.0,0.09969522717379817,9.113373165695526,0.005346313477799417,Load Case 1,4.0,1.0034646525976796,1.038509526351462,1.125393008424537,1.646602036038931,0.7,2.0608950160837596,0.08,0.38911550017015284,0.7,0.0,,261.15467420546037,4.0,9.113373165695526,4.0,0.005346313477799417,3.93,0.0017631754345570486,85.28845450935975,2.49,27.905301059697514,2.49,0.002084584263672312,3.63,0.0008666499180444224
113,True,0.11499476053854063,0.0,0.11499476053854063,32.84937233522184,0.0014541631236402598,Load Case 1,4.0,1.2287999854737723,0.93590869415086,0.7,1.25375746259805,1.606834350751619,1.078180585662919,0.10710255804793918,0.42496521239303753,0.6899451813322781,0.30166097488595883,,72.45191706290565,4.0,32.84937233522184,4.0,0.0014541631236402598,4.15,0.0006257213711152038,59.758816090093006,2.49,39.82675955982608,2.49,0.0014007115252872657,3.93,0.0005680046059449752
114,True,0.09143743112603785,0.0,0.09143743112603785,24.43052788132542,0.0021656513485754335,Load Case 1,4.0,1.4228711927267574,0.8346063254423416,0.7,1.3909331591123568,1.3494430116046907,1.6103831966514925,0.08,0.7,0.39009582309431584,0.5010794170601953,,97.41909841494913,4.0,24.43052788132542,4.0,0.0021656513485754335,4.0200000000000005,0.0007967487950266347,67.52102811516436,2.49,35.24827844654046,2.49,0.0020715749423858383,3.99,0.0007917092918046167
115,True,0.13776171780091653,0.0,0.13776171780091653,34.987313461979355,0.0018227007595705475,Load Case 1,4.0,1.534405584754213,0.7431739562246688,0.7,1.6763316688086611,1.4761935984571302,1.1070944116725467,0.11733477550041613,0.6328054091382842,0.383141340380403,0.1961958761001789,,68.02465706852118,4.0,34.987313461979355,4.0,0.0015606991524145886,4.2700000000000005,0.0006697444547677268,47.320487138139775,2.49,50.29534022023512,2.49,0.0018227007595705475,4.15,0.000734623601468358
116,True,0.17337806577486609,0.0,0.17337806577486609,43.26385428931284,0.0010745458878680782,Load Case 1,4.0,1.3146808291807612,0.8666927379926099,0.7685730940795704,1.800439627605811,1.633476538942661,1.5912987949823667,0.15943635307236007,0.5539431282950603,0.7,0.38791698921351775,,55.01127994941297,4.0,43.26385428931284,4.0,0.0008759856697269084,4.11,0.00033929666818388084,49.982146130648125,2.49,47.61700295499372,2.49,0.0010745458878680782,3.96,0.00041034079731796375
117,True,0.0758097312593349,0.0,0.0758097312593349,17.286160222621433,0.002997222863867075,Load Case 1,4.0,1.3474473413368597,0.764607855848019,0.7115154569359985,1.273199731585021,1.290180708281336,1.184069130183988,0.08,0.5574512485195954,0.7,0.5134815718790887,,137.6823984823088,4.0,17.286160222621433,4.0,0.002997222863867075,4.12,0.0011761091062420514,93.15768725000474,2.49,25.548079501081418,2.49,0.002698480922963126,4.0,0.001032455665463984
118,True,0.07868570750120135,0.0,0.07868570750120135,16.334518694622385,0.003973548945146059,Load Case 1,4.0,1.2052603945977787,0.8089494313260243,0.8942605777827276,1.3756361753656692,1.1267228517519705,0.8140614522961096,0.08,0.5443377943246611,0.6177909657439421,0.34075420123349465,,145.70371153840844,4.0,16.334518694622385,4.0,0.003973548945146059,4.24,0.0016724810112759073,88.882461885982,2.49,26.776936073767317,2.49,0.0026718004241611934,3.9,0.0010141809946916174
119,True,0.13224646465337356,0.0,0.13224646465337356,41.337825368998665,0.0012168589950324413,Load Case 1,4.0,1.1747790015464927,0.9475417744488818,0.7,1.3578011915249273,1.5334335136912742,1.3962401132451645,0.13248004968969135,0.7,0.5920422184444742,0.6278245150176258,,57.57438807569406,4.0,41.337825368998665,4.0,0.0012168589950324413,4.0600000000000005,0.000482475346421209,56.70571355573061,2.49,41.97107929275815,2.49,0.0012084654303901705,3.87,0.0004881019328226293
120,True,0.13885950976868788,0.0,0.13885950976868788,36.10333470656575,0.0008168405040249338,Load Case 1,8.0,1.0639528767132094,1.1752186569263139,0.7668927192956143,1.2754018655788695,2.015959603432425,0.8158571866106756,0.12566036659386026,0.4912899145569898,0.7,0.5370323048108965,,65.92188836138656,8.0,36.10333470656575,8.0,0.0008168405040249338,4.3100000000000005,0.0004215574337359477,48.75654251309382,2.49,48.81396172341053,2.49,0.0007721855806516764,3.7600000000000002,0.00034731195204212303
121,True,0.18868962980430695,0.0,0.18868962980430695,46.49866119038181,0.0014287762049467322,Load Case 1,8.0,1.454359736187816,1.1959846173178936,0.8435730573254472,1.1319497472100692,1.4386384814493565,0.7853791027719264,0.1281804383677764,0.0,0.0,0.3762052078969175,,51.184269376175074,8.0,46.49866119038181,8.0,0.0014287762049467322,4.29,0.0006806379514555025,27.348960008214053,2.49,87.02341878028214,2.49,0.00078077703296471,3.96,0.0003302223371318136
122,True,0.14011313751859028,0.0,0.14011313751859028,35.555697635481685,0.0018662099489372577,Load Case 1,4.0,1.4189008487867878,0.9800236327897417,0.9293421673406922,1.1667166706653205,1.3383229183899363,0.9411708688245368,0.11309177898713788,0.3364341352684441,0.3343845425038027,0.341156643102997,,66.93723251895793,4.0,35.555697635481685,4.0,0.0018662099489372577,4.17,0.0007907167799902151,41.32978099252848,2.49,57.58559428200822,2.49,0.0012221321834601229,3.91,0.0004750976132206361
123,True,0.1483064418030019,0.0,0.1483064418030019,34.720394465392545,0.0014520477667962339,Load Case 1,0.0,1.2364550733696364,0.9431311331265441,0.9261967884538833,0.7,1.6173669764101661,1.0652334105417953,0.11420746946238648,0.4135597285186762,0.10909811867135182,0.34267837202429907,,68.54760830474602,0.0,34.720394465392545,0.0,0.0014520477667962339,3.86,0.0006677147674492735,43.572103116573864,2.49,54.62210519497969,2.49,0.001264216505494689,3.71,0.00054431502925273
124,True,0.14302385141299287,0.0,0.14302385141299287,36.355460841472066,0.0017842604001649383,Load Case 1,0.0,1.2556044276778233,1.2239396735958568,1.0027375534265295,0.7,1.4176395106084576,0.7,0.11856924418843874,0.39738461303398026,0.4348060366278991,0.2763556226610272,,65.46471822700822,0.0,36.355460841472066,0.0,0.0017842604001649383,4.0600000000000005,0.0008128189178149316,40.24483316845436,2.49,59.13802624147903,2.49,0.0008752453139302688,3.66,0.0003963090622834193
125,True,0.1285386301233962,0.0,0.1285386301233962,32.58152467047852,0.0010662791861316078,Load Case 1,8.0,1.3163339775862581,0.9645233691224944,1.0955145764397687,0.9559034642846622,2.068610671179708,0.7,0.0963137867233973,0.40710805921068427,0.3789212282869927,0.39347351876405506,,73.04753304428601,8.0,32.58152467047852,8.0,0.00101938251537433,4.2,0.0005124945142907528,45.681943657759305,2.49,52.09935938432307,2.49,0.0010662791861316078,3.75,0.000451891067062235
126,True,0.12288031659286862,0.0,0.12288031659286862,40.67299023749905,0.0016632457051349503,Load Case 1,4.0,1.4948040267706517,0.7504034974305912,1.1274831555868727,0.9900643923437112,1.8271235370510204,1.4225427851527708,0.08710120320061063,0.36914017730458,0.17272348955305417,0.5435353836363236,,58.515491142958176,4.0,40.67299023749905,4.0,0.001257586652302473,3.91,0.0005234566018041809,50.32193086799203,2.49,47.29548248542729,2.49,0.0016632457051349503,3.83,0.0006390600772913631
127,True,0.1572250643226555,0.0,0.1572250643226555,24.04744123255684,0.0012972587067488584,Load Case 1,8.0,1.3496761636034185,0.8665962668850107,1.415137807183478,1.0383733531866752,1.7134089551906562,0.7,0.11099536700739512,0.4093926297200901,0.0,0.5876923540432247,,98.97102885016375,8.0,24.04744123255684,8.0,0.0012972587067488584,4.16,0.0005961557654770092,40.118406374436844,2.49,59.32439035057281,2.49,0.001193561774825058,3.71,0.0004891785453816214
128,True,0.13182966025845355,0.0,0.13182966025845355,25.024786373010524,0.0013437213602681846,Load Case 1,8.0,1.4898776382548788,0.8389479537109867,1.017240491488966,1.0115507540129516,1.851779225408353,0.9359256085136012,0.0977972893588727,0.4676953906903572,0.12298584881976664,0.6855791829586628,,95.1057069788557,8.0,25.024786373010524,8.0,0.0012049975066419306,4.13,0.0005406128284854862,42.90223151219067,2.49,55.47496985847282,2.49,0.0013437213602681846,3.89,0.0005194784598000339
129,True,0.11386297963028477,0.0,0.11386297963028477,19.074774094121366,0.003054814964636377,Load Case 1,4.0,0.912834424850103,0.7579151165786333,1.1019138325196582,0.9505943393213068,1.0991554148962064,2.1684652813707697,0.09968318436463786,0.07927236427563544,0.5244968098989553,0.3325750949514271,,124.77211988232614,4.0,19.074774094121366,4.0,0.003054814964636377,3.69,0.001257806011429872,82.02622997280048,2.49,29.015108957088447,2.49,0.002746312897908261,3.5100000000000002,0.0012034476482477871
130,True,0.1012301765093537,0.0,0.1012301765093537,13.467941118389104,0.0045931344451007475,Load Case 1,4.0,1.2051163876538558,1.094946119635163,1.2697469075284642,0.7583375666794199,0.8716892615593675,2.2,0.08,0.17156258939502003,0.6458998513641179,0.25451816279137995,,176.71594931094197,4.0,13.467941118389104,4.0,0.0045931344451007475,3.64,0.0019233603582762052,74.16000633787104,2.49,32.09276964131829,2.49,0.0017318522086843167,3.5,0.0007683911887570881
131,True,0.1383114441953514,0.0,0.1383114441953514,14.297383592544058,0.004228090037076349,Load Case 1,4.0,0.989327294967002,1.2402861437337063,1.1158000974513653,1.1196727945811906,0.7031892495590292,2.117069930211753,0.11321516708842268,0.0,0.5969245814251575,0.42461574035054384,,166.46402361626124,4.0,14.297383592544058,4.0,0.004228090037076349,3.8000000000000003,0.0015530882843822033,52.26541776329924,2.49,45.536802380086115,2.49,0.001250096231440061,3.48,0.0005723559496233533
132,True,0.1641068380472232,0.0,0.1641068380472232,34.42269472688093,0.0016616979105036106,Load Case 1,4.0,0.839622478563493,0.8353441178436201,1.2258790533253474,0.9766635761992786,1.3311176738046266,2.2,0.14905156708583137,0.12596088782385995,0.574981600007727,0.5452505438387604,,69.14043246420917,4.0,34.42269472688093,4.0,0.0015346420279260752,3.64,0.0006717810925658416,59.44824127112969,2.49,40.03482607913277,2.49,0.0016616979105036106,3.37,0.0007839399084549327
133,True,0.11958852129838736,0.0,0.11958852129838736,11.388845811774255,0.00601441293819955,Load Case 1,4.0,1.0562539580184702,1.1350214766691205,1.3027400296535916,0.7,0.7,1.8995466648975936,0.10468836543489982,0.0568921465231364,0.7,0.34884942828110677,,208.97640018442067,4.0,11.388845811774255,4.0,0.00601441293819955,3.65,0.002480669586261956,68.57957048085373,2.49,34.70421268771953,2.49,0.0016626002881380045,3.43,0.0007660163806563378
134,True,0.11959002693409683,0.0,0.11959002693409683,23.79020197443432,0.001883966432993942,Load Case 1,4.0,1.159350246982932,1.0425986679557189,0.8444796468968712,0.9604443007018442,1.3097064779763787,2.2,0.09534524557097204,0.0,0.697214075737573,0.26378992627218734,,100.04118512981188,4.0,23.79020197443432,4.0,0.001883966432993942,3.73,0.0007958437721730707,56.21800891774575,2.49,42.335188417687455,2.49,0.0013636395129585878,3.62,0.0005953528093147559
135,True,0.15133889274135678,0.0,0.15133889274135678,17.957552189822344,0.002626466157782211,Load Case 1,4.0,0.8264198375243288,1.3901799136288706,1.1081563017163913,1.3209283230143627,0.8420694742586418,1.9705683135969958,0.12290718812984393,0.2223652847868376,0.7,0.3360778962828317,,132.53476725791688,4.0,17.957552189822344,4.0,0.002626466157782211,3.84,0.0009673430679442881,48.341061013753475,2.49,49.23350770730639,2.49,0.000940696344770823,3.38,0.00046476723271945004
136,True,0.10300397671458934,0.0,0.10300397671458934,12.612135491588136,0.005968005810525029,Load Case 1,4.0,0.966142141505456,1.4293294204481357,1.1300806095562745,0.7,0.7,2.2,0.08,0.09255907941843614,0.5761192761452114,0.3257000498763288,,188.70713857993192,4.0,12.612135491588136,4.0,0.005968005810525029,3.58,0.0025614976825182267,67.4516255409853,2.49,35.28454623460264,2.49,0.0013812509205684033,3.3000000000000003,0.0006982623594455569
137,True,0.11414007618772117,0.0,0.11414007618772117,25.935816807971484,0.0021910933306370935,Load Case 1,4.0,1.3128115902228317,1.3833246156312131,1.247015167610407,1.8257940246505966,1.060599977300471,1.5183799291474787,0.08,0.7,0.17832437799603423,0.7,,91.76499115572473,4.0,25.935816807971484,4.0,0.0021910933306370935,4.07,0.0007901215178216653,64.55873515579371,0.0,36.86565410949522,0.0,0.0008602501938253159,3.7,0.0003641588253298687
138,True,0.12294959839017323,0.0,0.12294959839017323,20.308597665308042,0.003189629766223918,Load Case 1,4.0,1.031905426000585,1.3568645850539809,1.499232366463878,2.1935497151446155,0.8523539353864373,0.9850013918247079,0.0938025585123535,0.5765755721810364,0.3678903774161726,0.7,,117.19174505414577,4.0,20.308597665308042,4.0,0.003189629766223918,4.24,0.0012346627340821537,53.264400979966986,0.0,44.68275163547094,0.0,0.0009265235852943087,3.65,0.0004004526182259648
139,True,0.09895668601592007,0.0,0.09895668601592007,23.773596878008156,0.0021058083165179245,Load Case 2,0.0,0.9034149395763534,1.244156860277888,1.1696162291537995,1.6700396949719785,1.2024128734532313,1.3517435929884307,0.08,0.7,0.326778238144548,0.682653936113851,,86.74129790218592,4.0,27.43791086321782,4.0,0.0021058083165179245,4.0600000000000005,0.0007895413628620021,100.11106069530551,0.0,23.773596878008156,0.0,0.001197628146264106,3.5,0.0005607854260526325
140,True,0.10567244339399517,0.0,0.10567244339399517,18.04493595074145,0.003923824318804767,Load Case 1,4.0,0.9613885370492614,1.0625614436552147,1.140485904550598,2.0636450011948346,0.887108030493023,0.9518070723725398,0.08735727952960472,0.7,0.06846555799695384,0.5610401504493934,,131.8929591380571,4.0,18.04493595074145,4.0,0.003923824318804767,4.25,0.0015462411989455513,86.63820558624512,0.0,27.470559713183327,0.0,0.0016430196339731248,3.74,0.0006794765719220251
141,True,0.08961084702679248,0.0,0.08961084702679248,16.745425423636338,0.0028994590262393823,Load Case 1,4.0,1.0044582704742213,1.05336791001567,1.1309574527733925,1.8845933853555783,1.0621165683154234,1.189126706795605,0.08602490600530925,0.7,0.7,0.5029622264778726,,142.1283687806824,4.0,16.745425423636338,4.0,0.0028994590262393823,4.14,0.0010947898093054652,91.86197787807211,2.49,25.9084340983705,2.49,0.0015952493224126838,3.69,0.0006688291237753333
142,True,0.09951039599051477,0.0,0.09951039599051477,24.267473453246584,0.0026564490334767435,Load Case 1,4.0,0.8790751171758284,1.5270120166657488,1.0261358076715523,1.5957789447496946,1.030466207289981,1.1048893543465963,0.08,0.6149511086969304,0.43345253552564644,0.6046137684574645,,98.07366245131693,4.0,24.267473453246584,4.0,0.0026564490334767435,4.14,0.001047755448767198,80.63887568860375,0.0,29.514300387701866,0.0,0.0009595020925577917,3.5100000000000002,0.0004651806471689136
143,True,0.13645632923545176,0.0,0.13645632923545176,26.793220640245217,0.0017325323810777169,Load Case 1,8.0,0.9581763628213285,1.43807615131171,1.030480786587167,2.2,1.1861153237545075,0.9605691954260016,0.1007216330141883,0.5496495977222196,0.26169909376021566,0.6812266404236523,,88.82844029676224,8.0,26.793220640245217,8.0,0.0017325323810777169,4.3500000000000005,0.0007614608011456692,52.03655614503186,0.0,45.737077476200895,0.0,0.0007450089606995145,3.7,0.00033353079537281537
144,True,0.09499949905568707,0.0,0.09499949905568707,14.025798953335583,0.005496283800898161,Load Case 1,4.0,0.9462037657463545,1.357302371911943,0.9302723914496552,1.9226799600657098,0.7,0.9876897804871818,0.08,0.5448953169307632,0.33336061874035544,0.5438721711696278,,169.68730322731412,4.0,14.025798953335583,4.0,0.005496283800898161,4.23,0.0021064375290742385,62.40051554759879,0.0,38.14071052320951,0.0,0.0013463169587476977,3.7600000000000002,0.0005761690398852226
